id,date,V1,V2,V3,V4,V5,V6,V7,V8,V9,V10,V11,V12,V13,V14,V15,V16,V17,V18,V19,V20,V21
2571766,2022-01-18,KÃ¶hnÉ™ tikili,1 / 5,50.5 mÂ²,2,var,75 000AZN,mÃ¼lkiyyÉ™tÃ§i,"BayÄ±lda 16 mÉ™rtÉ™bÉ™dÉ™n yuxarÄ±da Litvin Babayev kÃ¼Ã§É™sindÉ™ 5 mÉ™rtÉ™bÉ™li binanÄ±n 1-ci mÉ™rtÉ™bÉ™sindÉ™ kupÃ§alÄ± vÉ™ texpasportlu ev satÄ±ram. ArtÄ±rmasÄ± da var. Ev orta tÉ™mirlidir. Ã–z evimdi, makler deyilÉ™m. Real ciddi ÅŸÉ™xslÉ™r É™laqÉ™ saxlasÄ±n.",12,"SÉ™bail r.
"," BayÄ±l q.
",,,,,,,,,,
2571765,2022-01-18,KÃ¶hnÉ™ tikili,5 / 9,35.3 mÂ²,1,var,58 000AZN,mÃ¼lkiyyÉ™tÃ§i,"Ev orta tÉ™mirlidir,oz evimdir ozum satiram.Real aliciya qiymÉ™tdÉ™ endirim olacaq.istilik mÉ™rkÉ™zidir.Panorama parkla uz uzÉ™ olan binadir.",46,"XÉ™tai r.
",,,,,,,,,,,
2571761,2022-01-18,Yeni tikili,16 / 18,147 mÂ²,3,var,248 000AZN,vasitÉ™Ã§i (agent),"Shehere ve Heyder Eliyev merkezine gozel panaramasi olan Neriman Nerimanov metrosu Heyder Eliyev merkezinin yani Neptun market EDEM MTK yashayish kompleksi 18 mertebenin 16 ci mertebesi 3 otaqli sahesi 148 kv metr olan menzil 248000 AZN satilir metronun yani merkezin yani sheherin merkezi ve s shirketin xidmet haqqi 1 faiz edir
",10,"RÉ™ssamlÄ±q AkademiyasÄ± 
"," NÉ™riman NÉ™rimanov parkÄ± 
"," NÉ™riman NÉ™rimanov m.
"," NÉ™rimanov r.
",,,,,,,,
2571758,2022-01-18,Yeni tikili,10 / 20,60 mÂ²,2,yoxdur,138 000AZN,vasitÉ™Ã§i (agent),"AzadlÄ±q pr KÃ¶hnÉ™ NÉ™simi bazarÄ±nÄ±n yeri ""OLIMPUS PARK"" 2 otaqlÄ± Super tÉ™mirli mÉ™nzil 138.000 azn.
______________
ğŸ“Œ AzadlÄ±q PR
ğŸ“Œ KÃ¶hnÉ™ NÉ™simi BazarÄ±
ğŸ“Œ MÃ¶htÉ™ÅŸÉ™m Premium Bina
ğŸ“Œ 20/10-60 kv.m 2 otaÄŸa dÃ¼zÉ™lib
ğŸ“Œ MÉ™nzil Æla tÉ™mirlidir vÉ™ tÉ™mirdÉ™n yeni Ã§Ä±xÄ±b
ğŸ“Œ MÉ™nzilin olduqca gÃ¶zÉ™l Proyekti var
ğŸ“Œ MÉ™nzildÉ™n ÅÉ™hÉ™rÉ™ gozel mÉ™nzÉ™rÉ™ aÃ§Ä±lÄ±r
ğŸ“Œ Ætrafda MÉ™ktÉ™blÉ™r UÅŸaq BaxÃ§asÄ±, XÉ™stÉ™xana, Market vÉ™ bir sÄ±ra iaÅŸÉ™ obyektlÉ™ri mÃ¶vcuddur",38,"NÉ™simi bazarÄ± 
"," NÉ™simi r.
",,,,,,,,,,
2571757,2022-01-18,Yeni tikili,12 / 12,58 mÂ²,1,var,52 000AZN,mÃ¼lkiyyÉ™tÃ§i,Tam tÉ™mir olunmuÅŸ mÉ™nzil tÉ™cili satÄ±lÄ±r.,17,"QaradaÄŸ r.
"," LÃ¶kbatan q.
",,,,,,,,,,
2571753,2022-01-18,KÃ¶hnÉ™ tikili,7 / 9,80 mÂ²,3,var,115 000AZN,vasitÉ™Ã§i (agent),COX COX TÆCÄ°LÄ° SATILIR 9 MKRAYONDA 61-65 nÃ¶mrÉ™li marÅŸurutlarÄ±n son dayanacaÄŸÄ±nda Sona ÅŸadlÄ±q sarayÄ±n yanÄ± 9/7 ci mÉ™rtÉ™bÉ™sindÉ™ 3-otaÄŸ Lelinqrad lahÉ™li 80 k/m orta bulok tÉ™mirsiz mÉ™nzil tÉ™cili satÄ±lÄ±r mÉ™nzilin mÉ™rgÉ™zi istiliyi var liftlÉ™ri tÉ™zÉ™lÉ™nib yaxÄ±nlÄ±ÄŸda mÉ™krÉ™b baxca super market vÉ™ ticarÉ™t mÉ™rgÉ™zlÉ™ri yerlÉ™ÅŸur mÉ™nzili panaramasÄ± ÅŸÉ™hÉ™rÉ™ baxÄ±r baÅŸqa mÉ™nzillÉ™rimizdÉ™ var buyurub zÉ™ng vura bilÉ™rsiz,82,"BinÉ™qÉ™di r.
"," 9-cu mikrorayon q.
",,,,,,,,,,
2571750,2022-01-18,Yeni tikili,5 / 6,75 mÂ²,2,yoxdur,61 500AZN,vasitÉ™Ã§i (agent),"TAM EWYALI......Masazirda Qurtuluw 93 yawayiw kompleksinde 6 mertebeli binanin 5ci mertebesinde sahesi 75kv olan 2 otaqli ela temirli menzil butun ewyalari ile birlikde satilir.istilik sistemi merkezidir,su fasilesizdir.kompleksde yawayiw ucun zeruri olan her werait var.",22,"AbÅŸeron r.
"," MasazÄ±r q.
",,,,,,,,,,
2571748,2022-01-18,Yeni tikili,5 / 17,132 mÂ²,3,var,168 000AZN,vasitÉ™Ã§i (agent),"TECILI YASAMALDA MENZIL SATILIR..!!

Menzil Yasamal Brend Housenin Bizim Marketin yaxinliginda yerlesir menzil 17 mertebeli binanin 5-ci mertebesinde tam temirli radnoy 3 otaqli umumi sahesi 132 kvadrat menzil satilir coxh genis menzildir QIYMET SONDUR..!!

SIRKET HAQQI 1%

QIYMET 168000 azn ..!!",39,"Yasamal r.
"," Yeni Yasamal q.
",,,,,,,,,,
2571746,2022-01-18,Yeni tikili,2 / 16,110 mÂ²,3,var,138 000AZN,vasitÉ™Ã§i (agent),"HÃ–RMÆTLÄ° MÃœÅTÆRÄ°LÆR !!!
TÆCÄ°LÄ° DÆYÆRÄ°NDÆN AÅAÄI MÆNZÄ°L SATILIR !!!
XÉ™tai rayonu, XÉ™tai metronun yanÄ±nda, Natiq Æliyev kÃ¼Ã§É™sindÉ™ yeni tikili premium yaÅŸayÄ±ÅŸ binasÄ±nda 16 mÉ™rtÉ™bÉ™nin 2-ci mÉ™rtÉ™bÉ™sindÉ™ yerlÉ™ÅŸÉ™n 70 kv.m olan qanuni 2 otaqlÄ± tÉ™mirsiz mÉ™nzil satÄ±lÄ±r. Binada qaz, iÅŸÄ±q, su sistemi ilÉ™ tÉ™chiz olunub. BinanÄ±n 24 saat mÃ¼hafizÉ™ xidmÉ™ti mÃ¶vcuddur. 
Bina infrastruktur cÉ™hÉ™tdÉ™n É™lveriÅŸli yerdÉ™ yerlÉ™ÅŸir, É™trafÄ±nda market, mÉ™ktÉ™b,uÅŸaq baÄŸÃ§asÄ±,
restoranlar, kafelÉ™r, avtobus dayanacaÄŸÄ± var.
XidmÉ™t haqqÄ± 1 % dir. REAL ALICILAR ÃœÃ‡ÃœN ENDÄ°RÄ°M OLUNACAQ!!!
QEYD (KUPÃ‡A TEZ BÄ°R ZAMANDA VERÄ°LÆCÆK.)
",35,"Åah Ä°smayÄ±l XÉ™tai m.
"," XÉ™tai r.
",,,,,,,,,,
2571744,2022-01-18,KÃ¶hnÉ™ tikili,4 / 5,75 mÂ²,3,var,128 000AZN,vasitÉ™Ã§i (agent),"Xalqlar DostluÄŸu metrosuna piyada 5-6 dÉ™qiqÉ™lik mÉ™safÉ™dÉ™,HeydÉ™r Eliyev adÄ±na parkÄ±n dÃ¼z yanÄ±nda,daÅŸ 5 mÉ™rtÉ™bÉ™li Minsk proektli binanÄ±n 4cÃ¼ mÉ™rtÉ™bÉ™sindÉ™ qanuni 3otaqlÄ± super tÉ™mirli mÉ™nzil bÃ¼tÃ¼n mebel vÉ™ elektronika daxil satÄ±lÄ±r.MÉ™nzilin dÃ¶ÅŸÉ™mÉ™si parketdi.Ä°sti pol mÃ¶vcudur.MÉ™znil 0-dan tÉ™mir olunub.BÃ¼tÃ¼n É™ÅŸyalar 1 il É™vvÉ™l alÄ±nÄ±b.MÉ™nzilÉ™n parka panorama var.XidmÉ™t haqqÄ± 1 % tÉ™ÅŸkil edir",30,"XÉ™tai r.
",,,,,,,,,,,
2571743,2022-01-18,Yeni tikili,11 / 12,80 mÂ²,2,var,135 000AZN,vasitÉ™Ã§i (agent),"BinÉ™qÉ™di rayonu, 6-cÄ± mikrorayon NÉ™simi metro st. vÉ™ HeydÉ™r mescidinin yanÄ±nda inÅŸa edilmiÅŸ 12 mÉ™rtÉ™bÉ™li butik yeni tikili binanin 11- ci mÉ™rtÉ™bÉ™sindÉ™ Ã¼mumi sahÉ™si 80 kvm olan qanuni 2 otaqlÄ±,loft Ã¼slubunda tÉ™mir olunmuÅŸ mÉ™nzil satÄ±lÄ±r. TÉ™mir zamanÄ± bahalÄ± materiallardan istifadÉ™ olunmuÅŸdur,  evin isitmÉ™ sistemi kombi, otaqlarÄ±n hamÄ±sÄ± isti dÃ¶ÅŸÉ™mÉ™dir! Qaz,su vÉ™ iÅŸÄ±q daimidir,sÉ™nÉ™dlÉ™ri qaydasÄ±ndadÄ±r.",31,"NÉ™simi m.
"," BinÉ™qÉ™di r.
"," 6-cÄ± mikrorayon q.
",,,,,,,,,
2570989,2022-01-18,Yeni tikili,17 / 17,104 mÂ²,3,var,140 000AZN,vasitÉ™Ã§i (agent),"3 OTAQ,KUPÃ‡ALI,ÆÅYALI!!! MANSARD DEYÄ°L!!! Yeni Yasamal,77 nÃ¶mrÉ™li avtobusun son dayanacaÄŸÄ±nda,ÅuÅŸa mÉ™ktÉ™binin arxasÄ±nda,17 mÉ™rtÉ™bÉ™li yeni tikilinin 17-ci mÉ™rtÉ™bÉ™sindÉ™,sahÉ™si 104 kv olan,3 otaqlÄ± tÉ™mirli É™ÅŸyalÄ± mÉ™nzil satÄ±lÄ±r.TÉ™bii qazÄ±,iÅŸÄ±ÄŸÄ± vÉ™ suyu daimidir.Qeyd edimki mÉ™nzil yaÅŸayÄ±ÅŸdÄ±r vÉ™ lift birbaÅŸa mÉ™nzilÉ™ qalxÄ±r.MÉ™nzilin tÉ™mirindÉ™ keyfiyyÉ™tli avadanlÄ±qlardan istifadÉ™ olunmuÅŸdur.YerlÉ™r bahalÄ± parketdir.BÃ¼tÃ¼n otaqlar iÅŸÄ±q gÃ¶rÃ¼r.MÉ™nzil skvaznoydur.MÉ™nzilin hamam vÉ™ tualeti ayrÄ±dÄ±r.Qeyd edimki mÉ™nzil É™ÅŸyalarÄ± ilÉ™ birlikdÉ™ satÄ±lÄ±r.BinanÄ±n avtoparkingi vÉ™ sÃ¼rÉ™tli liftlÉ™ri var.MÉ™nzilin sÉ™nÉ™di isÉ™ KupÃ§adÄ±r! ALICI ÃœÃ‡ÃœN OFÄ°S XÄ°DMÆT HAQQI 1% TÆÅKÄ°L EDÄ°R!!! REAL ALICILAR ÆLAQÆ YARATSIN!!! #DaÅŸÄ±nmaz É™mlak ilÉ™ baÄŸlÄ± alqÄ±-satqÄ±,kirayÉ™,ofis,obyekt vÉ™ yaxud satÄ±ÅŸ ilÉ™ baÄŸlÄ± suallarÄ±nÄ±z varsa buyurun zÉ™ng edin.",49,"Yasamal r.
"," Yeni Yasamal q.
",,,,,,,,,,
2571734,2022-01-18,Yeni tikili,7 / 20,157 mÂ²,3,yoxdur,205 000AZN,vasitÉ™Ã§i (agent),"DÆYÆRÄ°NDÆN QAT-QAT UCUZ !!! TÆCÄ°LÄ° AÄ ÅÆHÆRDÆ EKSKLUZIV QIYMÆTÆ MÆNZÄ°L SATILIR.
BakÄ± ÅÉ™h., XÉ™tai Ray., AÄŸ ÅÉ™hÉ™r., Park rayonu, Nobel prospektindÉ™ yerlÉ™ÅŸÉ™n ERA TOWER 20 MÆRTÆBÆLÄ° PREMÄ°UM KLASS YAÅAYIÅ KOMPLEKSÄ°NÄ°N 7-ci mÉ™rtÉ™bÉ™sindÉ™ Ã¼mumi sahÉ™si 150 kv/ m olan 3 otaqlÄ± mÉ™nzil SatÄ±lÄ±r !!!
20 mÉ™rtÉ™bÉ™li kompleksdÉ™ yerlÉ™ÅŸÉ™n vÉ™ hÉ™r mÉ™rtÉ™bÉ™dÉ™ 5 É™dÉ™d olmaqla Ã¼mumilikdÉ™ 84 mÉ™nzil É™n mÃ¼asir tÉ™lÉ™blÉ™rÉ™ uyÄŸun olaraq hazÄ±rlanÄ±b.
SÃ¼rÉ™tli lift
Era Tower yaÅŸayÄ±ÅŸ kompleksindÉ™ Ä°sveÃ§rÉ™nin dÃ¼nyaca mÉ™ÅŸhur lift vÉ™ eskalator istehsalÃ§Ä±sÄ± olan â€œSchindler Groupâ€ liftlÉ™rindÉ™n istifadÉ™ olunub. Ãœmumi sayÄ± 3 É™dÉ™d olan geniÅŸ liftlÉ™r sÃ¼rÉ™tini saniyÉ™dÉ™ 2 metrÉ™ Ã§atdÄ±raraq, hÉ™rÉ™kÉ™ti asanlaÅŸdÄ±rÄ±r.
Ã–zÃ¼yuyulan zibil borusu
AvtomatlaÅŸdÄ±rÄ±lmÄ±ÅŸ kimyÉ™vi tÉ™mizlÉ™mÉ™ vÉ™ xÃ¼susi vakum sistemi olan Ã¶zÃ¼yuyulan zibil borularÄ± sakinlÉ™ri É™nÉ™nÉ™vi zibil toplanmasÄ± Ã¼sulundan azad edir. BÃ¼tÃ¼n mÉ™rtÉ™bÉ™lÉ™rÉ™ Ã§Ä±xÄ±ÅŸÄ± olmasÄ± vÉ™ onlara ayrÄ±lmÄ±ÅŸ xÃ¼susi bÃ¶lmÉ™lÉ™rdÉ™ yerlÉ™ÅŸmÉ™si isÉ™ binanÄ±n tÉ™mizliyini vÉ™ komfortunu tÉ™min edir.
NÉ™fÉ™s alan divarlar
HavalandÄ±rma xÃ¼susiyyÉ™ti olan fasad Ã¶rtÃ¼yÃ¼ndÉ™, kimyÉ™vi qatqÄ±sÄ±z preslÉ™nÉ™n daÅŸ yunundan istifadÉ™ olunmuÅŸdur. Bu cÃ¼r fasad Ã¶rtÃ¼yÃ¼nÃ¼n nÉ™m tutmamasÄ± vÉ™ yÃ¼ksÉ™k buxar keÃ§iriciliyi divarlarÄ±n diffuziya mÃ¼qavimÉ™tini artÄ±rÄ±r vÉ™ nÉ™fÉ™s almasÄ±nÄ± tÉ™min edir.
Keramik fasad Ã¶rtÃ¼yÃ¼.
Æn mÃ¼asir tikinti texnologiyalarÄ±ndan istifadÉ™ olunaraq inÅŸa olunan binada, keramik fasad Ã¶rtÃ¼yÃ¼ ilÉ™ Ã¼zlÉ™nmiÅŸ divar tÉ™bÉ™qÉ™si, binanÄ±n arxitekturasÄ±na xÃ¼susi gÃ¶rÃ¼nÃ¼ÅŸ qatÄ±r.
GeniÅŸ vestibÃ¼l vÉ™ mÉ™rmÉ™r pillÉ™kÉ™nlÉ™r
BinanÄ±n giriÅŸindÉ™ki geniÅŸ vestibÃ¼l vÉ™ mÉ™rmÉ™r ilÉ™ dÃ¶ÅŸÉ™nmiÅŸ pillÉ™kÉ™nlÉ™r uÄŸurlu dizaynÄ± sayÉ™sindÉ™, mÉ™kanÄ±n gÃ¶zÉ™lliyinÉ™ rÉ™ng qatÄ±r. Reseption xidmÉ™ti ilÉ™ tÉ™min olunmuÅŸ vestibÃ¼ldÉ™, servis arabalarÄ± da sakinlÉ™rin istifadÉ™sinÉ™ verilir.
TÉ™hlÃ¼kÉ™sizlik sistemi
â€¢ GÃ¼clÉ™ndirilmiÅŸ yanÄŸÄ±n tÉ™hlÃ¼kÉ™sizlik sistemi
â€¢ 2 yanÄŸÄ±n Ã§Ä±xÄ±ÅŸ pillÉ™kÉ™ni
â€¢ BÃ¼tÃ¼n mÉ™rtÉ™bÉ™lÉ™rdÉ™ avtomatik yanÄŸÄ±n xÉ™bÉ™rverici qurÄŸular,
yanÄŸÄ±n sÃ¶ndÃ¼rmÉ™ vÉ™ tÃ¼stÃ¼sovurma sistemi
â€¢ BinanÄ±n bÃ¼tÃ¼n nÃ¶qtÉ™lÉ™rini 24 saat izlÉ™yÉ™n mÃ¼ÅŸahidÉ™ kameralarÄ±
AÃ§Ä±q park É™razisi
Era Tower yaÅŸayÄ±ÅŸ kompleksinin 3-cÃ¼ mÉ™rtÉ™bÉ™sindÉ™ yerlÉ™ÅŸÉ™n 2000 m2-lik aÃ§Ä±q park sahÉ™si, bina sakinlÉ™rinin rahat istirahÉ™ti Ã¼Ã§Ã¼n nÉ™zÉ™rdÉ™ tutulub. Burada uÅŸaqlar Ã¼Ã§Ã¼n atraksion, oyun meydanÃ§asÄ± vÉ™ ÅŸahmat sahÉ™si yerlÉ™ÅŸdirilib",33,"XÉ™tai r.
",,,,,,,,,,,
1424047,2022-01-18,KÃ¶hnÉ™ tikili,5 / 9,85 mÂ²,3,var,147 000AZN,vasitÉ™Ã§i (agent),Yasamal r-nu ElmlÉ™r metrosuna yaxÄ±n HÃ¼seyn Cavid prospektindÄ±É™ ZÉ™rifÉ™ Æliyeva Liseyinin yaxÄ±lÄ±gÄ±nda 9\5-ci mÉ™rtÉ™bÉ™sindÉ™ 3 otaqlÄ± tÉ™mirli mÉ™nzil satÄ±lÄ±r...BinanÄ±n yerlÉ™ÅŸdiyi yerdÉ™ hÉ™r cÃ¼r infrastruktur mÃ¶vcuddur...ÆlavÉ™ mÉ™lumat Ã¼cÃ¼n zÉ™ng vura bilÉ™rsiniz...,33,"Yasamal r.
",,,,,,,,,,,
2540753,2022-01-18,Yeni tikili,3 / 14,158 mÂ²,3,var,295 000AZN,vasitÉ™Ã§i (agent),"NÉ™simi rayonu, keÃ§miÅŸ NÉ™qliyyat Nazirliyinin yanÄ±nda Ä°ÅIQ MTK tÉ™rÉ™findÉ™n inÅŸa edilmiÅŸ 14 mÉ™rtÉ™bÉ™li yeni tikili binanÄ±n 3-cÃ¼ mÉ™rtÉ™bÉ™sindÉ™ Ã¼mumi sahÉ™si 158 kvm olan 3 otaqlÄ±, tÉ™mirli vÉ™ É™ÅŸyalÄ± mÉ™nzil satÄ±lÄ±r. SÉ™nÉ™di Ã§Ä±xarÄ±ÅŸdÄ±r, alqÄ±-satqÄ±ya hazÄ±rdÄ±r!",27,"NÉ™simi r.
",,,,,,,,,,,
2564931,2022-01-18,Yeni tikili,9 / 12,134 mÂ²,3,var,149 000AZN,vasitÉ™Ã§i (agent),"MÉ™nzil yeni yasamalda 77nomrÉ™li avtobusun son dayanacaÄŸinda yerlÉ™sir.Bina tam yasayiÅŸlidÄ±r.MÉ™nzil super tÉ™mir olunub.,tÉ™mirden sonra yasayiÅŸ olmayÄ±b.ÆtrafÄ±nda bÃ¼tun sosial obyektelÉ™r var.mÉ™nzilin ÅŸÉ™hÉ™rÉ™ vÉ™ denizÉ™ panaramasi var.Binada qaz,su,iÅŸÄ±q daiÃ§idir.MÉ™nzil Ã‡Ä±xarÄ±ÅŸlÄ±dÄ±r",63,"Yasamal r.
",,,,,,,,,,,
2571733,2022-01-18,Yeni tikili,13 / 17,89 mÂ²,2,yoxdur,172 000AZN,mÃ¼lkiyyÉ™tÃ§i,"Bina Orbita MTK terefinden tikilib ve tam yasayislidir. Qara Qarayev metrosuna 20 metr mesafededir. Menzil 2 otaqdan ibaretdir ve bahali tikinti materiallari ile temir olunub. (Palid parket, ispan kafeller, menbran metbex, turkiye istehsali santexnika, koreya istehsali kombi, zambaiti divar cagizlari). Temirden sonra yasayis olmayib. Yaxin vaxtlar da cixaris verilecek.",29,"Qara Qarayev m.
"," Nizami r.
"," 8-ci kilometr q.
",,,,,,,,,
2571732,2022-01-18,Yeni tikili,4 / 16,84 mÂ²,2,var,185 000AZN,vasitÉ™Ã§i (agent),"Kupca var ! ! !

Elmler metrosundan 4-5 deqiqe piyada araliqda Premium sayilan ""Sokolad tover"" -de 16/4 84kv qanuni 2 otaqli podmayak menzil satilir.Binanin cox genis ve gozel heyeti avr.Heyetde her bir serait var.Binanin altinda Bravo market,aptek ve s. var.
Sirket haqqi-1%",46,"ASAN XidmÉ™t â„–3 
"," Yasamal bazarÄ± 
"," ElmlÉ™r AkademiyasÄ± m.
"," Yasamal r.
",,,,,,,,
2486248,2022-01-18,Yeni tikili,14 / 16,112 mÂ²,3,var,261 000AZN,vasitÉ™Ã§i (agent),ÅÆHÆRÄ°N  MÆRKÆZÄ°NDÆ !  QIÅ  ParkÄ±nÄ±n  HeydÉ™r  Æliyev  SarayÄ±nÄ±n  yaxÄ±nlÄ±ÄŸÄ±nda  ÅÉ™hÉ™rin  Ã§ox  mÃ¶htÉ™ÅŸÉ™m  TikililÉ™rindÉ™n  sayÄ±lan  AzÄ±nkonun  BinasÄ±nda  3 -  otaqlÄ±  Pod Mayak  mÉ™nzil  sÉ™rfÉ™li  qiymÉ™tÉ™  satÄ±lÄ±r. Ã‡ox  kefiyyÉ™tli  vÉ™  tanÄ±nmÄ±ÅŸ  BinadÄ±r  QazÄ±  KupÃ§asÄ±  var  É™trafÄ±nda  hÉ™r  bir  infrostruktur  mÃ¶vcuddur.,27,"QÄ±ÅŸ parkÄ± 
"," Nizami m.
"," NÉ™simi r.
",,,,,,,,,
2355825,2022-01-18,Yeni tikili,11 / 17,120 mÂ²,3,var,265 000AZN,vasitÉ™Ã§i (agent),"TECILI SATILIR

 ELIMLER AKADEMYASI METROSUNUN YANINDA
 Menzil ela temirli ve tam esyalidir. menzil 2 den 3 e duzelmedi Ev deniz menzerelidir. Binanin 24 saat kamera ve muhafize sistemi var. Merkezi istilik sistemi ile techiz olunub. 

SIRKETIN XIDMET HAQQI 1%",43,"Ä°ncÉ™sÉ™nÉ™t vÉ™ MÉ™dÉ™niyyÉ™t Un. 
"," ElmlÉ™r AkademiyasÄ± m.
"," Yasamal r.
",,,,,,,,,
2571728,2022-01-18,Yeni tikili,9 / 16,70 mÂ²,2,var,150 000AZN,vasitÉ™Ã§i (agent),"MÉ™tbuat prospektindÉ™, Yasamal Ä°cra HakimiyyÉ™tinin yanÄ±nda yeni tikili binada 2 otaqlÄ±, tÉ™mirli mÉ™nzil satÄ±lÄ±r. Suyu, qazÄ±, iÅŸÄ±ÄŸÄ± daimidir. Ä°stilik sistemi kombidir. MebellÉ™ birlikdÉ™ satÄ±lÄ±r. QiymÉ™tdÉ™ biraz endirim olacaq. Ofisin xidmÉ™t haqqÄ± 1% tÉ™ÅŸkil edÉ™cÉ™k.",25,"ASAN XidmÉ™t â„–3 
"," ElmlÉ™r AkademiyasÄ± m.
"," Yasamal r.
",,,,,,,,,
2571727,2022-01-18,Yeni tikili,8 / 16,170 mÂ²,4,var,283 000AZN,vasitÉ™Ã§i (agent),TECILI SATILIR !!! Yasamal rayonu Yasamal rayon Polis idaresinin yaxinliqinda yeni tikili binada 4 otaqli euro temirli menzil eshyalari ile birlikde satilir menzilin senedleri tam qaydasindadir ninada qaz cixarish var real aliciya qiymetde endirm olacaq elave melumat ucun elaqe saxlayin,39,"Ä°nÅŸaatÃ§Ä±lar m.
"," Yasamal r.
"," Yasamal q.
",,,,,,,,,
2571725,2022-01-18,Yeni tikili,8 / 16,370 mÂ²,6,var,1 350 000AZN,vasitÉ™Ã§i (agent),"AQUA PARK-Ä±n binasÄ±

Ã‡IXARIÅLI vÉ™ QAZLI bina

MÉ™rkÉ™zdÉ™, RÉ™ÅŸid Behbudov kÃ¼Ã§É™sindÉ™, AzÉ™rbaycan DillÉ™r Universitetinin yanÄ±nda 16 mÉ™rtÉ™bÉ™linin 8-ci mÉ™rtÉ™bÉ™sindÉ™ 370 kvadrat metr sahÉ™li 6 otaqlÄ± yeni É™la tÉ™mirli mÉ™nzil satÄ±lÄ±r...

Qonaq otaÄŸÄ±
...qonaq otaÄŸÄ± dÉ™sti
Ä°ÅŸ otaÄŸÄ± (ÅŸÉ™killÉ™rdÉ™ gÃ¶stÉ™rilmÉ™yib)...
Yataq otaÄŸÄ± (É™sas)
...yataq otaÄŸÄ± dÉ™sti
...qarderobu
...sanitar qovÅŸaÄŸÄ±
3 É™lavÉ™ yataq otaÄŸÄ±...
MÉ™tbÉ™x
...mÉ™tbÉ™x mebeli vÉ™ avadanlÄ±qlarÄ±
Ã‡amaÅŸÄ±rxana
...mebeli
...paltaryuyanÄ±
2 É™lavÉ™ sanitar qovÅŸaq (cÉ™mi 3 É™dÉ™d)

Ã‡Ä±lÃ§Ä±raqlar...
KondisionerlÉ™r...
PÉ™rdÉ™lÉ™r...

Ä°sti dÃ¶ÅŸÉ™mÉ™
...hall, mÉ™tbÉ™x vÉ™ sanitar qovÅŸaqlar
Parket dÃ¶ÅŸÉ™mÉ™...

BÉ™zi É™lavÉ™ É™ÅŸyalar da nÉ™zÉ™rdÉ™ tutulub, sifariÅŸ verilib...

ÆÅYALARI Ä°LÆ BÄ°RGÆ
YAÅAYIÅ OLMAYIB

Avropa istehsalÄ± materiallar...
TÃ¼rkiyÉ™ dizayn ÅŸirkÉ™ti tÉ™miri

DÄ°QQÆT !!!
AlÄ±cÄ±nÄ±n reallÄ±ÄŸÄ±ndan asÄ±lÄ± olaraq mÃ¼É™yyÉ™n endirim nÉ™zÉ™rdÉ™ tutulub.",44,"AzÉ™rbaycan DillÉ™r Universiteti 
"," BakÄ± Slavyan Universiteti 
"," Sirk 
"," 28 May m.
"," NÉ™simi r.
",,,,,,,
2571724,2022-01-18,Yeni tikili,2 / 8,75 mÂ²,2,var,147 000AZN,vasitÉ™Ã§i (agent),"Kupca var ! ! !

Nerimanov metrosunda 6-7 deqiqe piyada araliqda, Ressamliq akademiyasinin tam yaninda,Heyder Eliyev Merkezinin yaninda 8/2 74kv Qanuni 2 otaqli yaxsi temirli menzil satilir.Qaz,su,isiq daimidir.Menzil prospektin tam kenarinda yerlesir.Lift var ! ! !
Sirket haqqi-1%",38,"RÉ™ssamlÄ±q AkademiyasÄ± 
"," NÉ™riman NÉ™rimanov parkÄ± 
"," Montin bazarÄ± 
"," NÉ™riman NÉ™rimanov m.
"," NÉ™rimanov r.
",,,,,,,
2571723,2022-01-18,Yeni tikili,11 / 18,110 mÂ²,3,var,202 000AZN,vasitÉ™Ã§i (agent),"HÃ–RMÆTLÄ° MÃœÅTÆRÄ°LÆR !!!
TÆCÄ°LÄ° DÆYÆRÄ°NDÆN AÅAÄI MÆNZÄ°L SATILIR !!!
NÉ™simi rayonu, AzadlÄ±q prospektindÉ™ yeni tikili premium tipli yaÅŸayÄ±ÅŸ kompleksindÉ™ 18 mÉ™rtÉ™bÉ™nin 11-ci mÉ™rtÉ™bÉ™sindÉ™ yerlÉ™ÅŸÉ™n 110 kv.m olan qanuni 3 otaqlÄ± super tÉ™mirli mÉ™nzil satÄ±lÄ±r. MÉ™nzilin tÉ™mirindÉ™ bahalÄ± inÅŸaat materiallarÄ±ndan istifadÉ™ olunub. Pol parket, holl vÉ™ sanuzel isti dÃ¶ÅŸÉ™mÉ™, 2 sigma lift, keyfiyyÉ™tli pÉ™rdÉ™, lÃ¼sturlar, qapÄ±lar vÉ™ aksesuarlar ilÉ™ tÉ™chiz edilib. Binada qaz, iÅŸÄ±q, su sistemi ilÉ™ tÉ™chiz olunub. BinanÄ±n 24 saat mÃ¼hafizÉ™ xidmÉ™ti mÃ¶vcuddur. 
Bina infrastruktur cÉ™hÉ™tdÉ™n É™lveriÅŸli yerdÉ™ yerlÉ™ÅŸir, É™trafÄ±nda market, mÉ™ktÉ™b,uÅŸaq baÄŸÃ§asÄ±,
restoranlar, kafelÉ™r, avtobus dayanacaÄŸÄ± var.
XidmÉ™t haqqÄ± 1 % dir. REAL ALICILAR ÃœÃ‡ÃœN ENDÄ°RÄ°M OLUNACAQ!!!
QEYD (KUPÃ‡A VAR, Ä°POTEKA KREDÄ°TÄ°NÆ YARARLIDIR.)
",31,"NeftÃ§i bazasÄ± 
"," ASAN XidmÉ™t â„–1 
"," NÉ™simi r.
",,,,,,,,,
2571721,2022-01-18,KÃ¶hnÉ™ tikili,4 / 5,116 mÂ²,4,var,195 000AZN,mÃ¼lkiyyÉ™tÃ§i,"Bina 1987 ci ildÉ™ tikilib , unikal eksperemental layihÉ™di ,qalÄ±n daÅŸ kubiklÉ™ tikilib ( nÉ™ beton paneldi ,nÉ™ dÉ™ ki kÉ™rpiÃ§lÉ™ hÃ¶rÃ¼lÃ¼b ) , tavan hÃ¼ndÃ¼rlÃ¼yÃ¼ 2.80 di . QeniÅŸ, yaÅŸÄ±l, sakit , elit hÉ™yÉ™ti var . Yolun sÉ™si mÉ™nzilÉ™ daxil omur . Qaz ,su ,iÅŸiq daimidi . ÅÉ™hÉ™rin dÃ¼z mÉ™rkÉ™zindÉ™di ,bulvara ,Port bakuya , vÉ™ Nizami kinoteatrÄ±na 10 dÉ™qiqÉ™lik mesafÉ™dÉ™di .HÉ™yÉ™tin dÃ¼z Ã§Ä±xÄ±ÅŸÄ±nda geniÅŸ yaÅŸÄ±l park var , metro,  avtobus dayanacaqlarÄ± cox yaxÄ±n mÉ™sÉ™fÉ™dÉ™dir .",34,"BakÄ±
",,,,,,,,,,,
2571720,2022-01-18,KÃ¶hnÉ™ tikili,3 / 4,285 mÂ²,6,var,500 000AZN,vasitÉ™Ã§i (agent),"Tecili...!!! Bazar qiymÉ™tinnÉ™n cox ucuz
Nizami k/t  Sahil bagina cox yaxin mÉ™safÉ™dÉ™ arxitektur binada É™la tÉ™mirli mÉ™nzil satilir.
Bloka giriÅŸ Bul bul pr. 
GÃ¶zÉ™l mÉ™nzÉ™rÉ™li hÉ™r iki kÃ¼cÉ™yÉ™ dÃ¶rd eyvani var  (Bul bul pr. BÉ™ÅŸir SÉ™fÉ™roglu kÃ¼c)
DÃ¶ÅŸÉ™mÉ™lÉ™r  mazaika parket. pencÉ™rÉ™lÉ™r Alman iya istehsali olan PVC . 3 hamam ve camaÅŸirxana.
Ä°stilik sistemi kombi.
",3379,"Nizami kinoteatrÄ± 
"," Milli Konservatoriya 
"," BakÄ± Musiqi AkademiyasÄ± 
"," Malokan baÄŸÄ± 
"," QÄ±ÅŸ parkÄ± 
"," Sahil baÄŸÄ± 
"," Sahil m.
"," Neft AkademiyasÄ± 
"," 28 May m.
"," NÉ™simi r.
",,
2571719,2022-01-18,KÃ¶hnÉ™ tikili,6 / 9,80 mÂ²,3,var,140 000AZN,vasitÉ™Ã§i (agent),"Yasamal rayon s.Mehdiyev kucesinde 9 mertebeli binanin 5-ci mertebesinde 3 otagli menzil tecili satilir.
Menzilin temiri ela temirdir Elmler metrosuna 5-6 deqiqelik mesafede yerleshir.Yaxinliqda bir nece Park,mekteb ve baxcalar movcuddur.",43,"Yasamal r.
",,,,,,,,,,,
2571717,2022-01-18,Yeni tikili,12 / 16,58 mÂ²,2,var,159 000AZN,vasitÉ™Ã§i (agent),"DOSTLUQ-V MTK

Ã‡IXARIÅLI vÉ™ QAZLI bina !!!
Ä°POTEKAYA YARARLI !!!

NÉ™rimanovda, metroya 5 dÉ™qiqÉ™lik mÉ™safÉ™dÉ™, Metro Park ticarÉ™t mÉ™rkÉ™zinin yaxÄ±nlÄ±ÄŸÄ±nda...

Yeni tikilinin 12-ci mÉ™rtÉ™bÉ™sindÉ™ 58 kvadrat metr sahÉ™li 1 otaqdan 2 otaÄŸa dÃ¼zÉ™ldilmiÅŸ É™la tÉ™mirli mÉ™nzil satÄ±lÄ±r.

YaÅŸayÄ±ÅŸ olmayÄ±b !

Ã‡Ä±lÃ§Ä±raqlar...
DuÅŸ kabinÉ™...
Ä°sti dÃ¶ÅŸÉ™mÉ™...
Kombi sistemi...
Kondisioner xÉ™tti...
MÉ™tbÉ™x mebeli...
Parket dÃ¶ÅŸÉ™mÉ™...
PÉ™rdÉ™lÉ™r...

Ä°nkiÅŸaf etmiÅŸ infrastruktur:

2 sÃ¼rÉ™tli vÉ™ sÉ™ssiz lift.
24/7 fÉ™aliyyÉ™t gÃ¶stÉ™rÉ™n tÉ™hlÃ¼kÉ™sizlik xidmÉ™ti.
GeniÅŸ hÉ™yÉ™t...
TÉ™miz bloklar.
YeraltÄ± parking.

DÄ°QQÆT !!!
AlÄ±cÄ±nÄ±n reallÄ±ÄŸÄ±ndan asÄ±lÄ± olaraq mÃ¼É™yyÉ™n endirim nÉ™zÉ™rdÉ™ tutulub.

AlÄ±cÄ±lar Ã¼Ã§Ã¼n xidmÉ™t haqq alqÄ±-satqÄ±nÄ±n 1%-ni tÉ™ÅŸkil edir !",553,"NÉ™riman NÉ™rimanov m.
"," NÉ™rimanov r.
",,,,,,,,,,
2571716,2022-01-18,Yeni tikili,14 / 17,60 mÂ²,2,yoxdur,99 000AZN,vasitÉ™Ã§i (agent),"Memar ÆcÉ™mi metrosunun Ã§Ä±xÄ±ÅŸÄ±nda yerlÉ™ÅŸÉ™n, ""YAÅAM REZÄ°DENS"" yaÅŸayÄ±ÅŸ kompleksindÉ™ 18/14 cÃ¼ mÉ™rtÉ™bÉ™sindÉ™ 60kv sahÉ™si olan 1otaqdan 2otaÄŸa dÃ¼zÉ™lmiÅŸ É™la tÉ™mirli mÉ™nzil tÉ™cili satÄ±lÄ±r .Kompleks 4 binadan ibarÉ™tdir.Ærazi ÅŸÉ™hÉ™r iÃ§i olmasÄ±na baxmayaraq ekoloji cÉ™hÉ™tdÉ™n tÉ™miz vÉ™ sÉ™s-kÃ¼ydÉ™n uzaqdÄ±r.Binalar zÉ™lzÉ™lÉ™yÉ™ davamlÄ± vÉ™ saÄŸlam inÅŸa edilib.HÉ™r bina da 3 É™dÉ™d sÃ¼rÉ™tli vÉ™ sÉ™ssiz ""Sigma"" liftlÉ™ri qoyulur.Residence nin hÉ™yÉ™tindÉ™ park , uÅŸaq baÄŸÃ§asÄ± , supermarket vÉ™ s. olacaq.HÉ™r bina vÉ™ hÉ™yÉ™tin altÄ±nda yeraltÄ± parkinq nÉ™zÉ™rdÉ™ tutulub.Kompleks qapalÄ± vÉ™ 24 saat mÃ¼hafizÉ™ olunacaq. XahiÅŸ olunur ciddi alÄ±cÄ±lar zÉ™ng etsin Ofis haqqi 1%",44,"Memar ÆcÉ™mi m.
"," NÉ™simi r.
",,,,,,,,,,
2571715,2022-01-18,Yeni tikili,3 / 7,81.5 mÂ²,2,var,278 500AZN,mÃ¼lkiyyÉ™tÃ§i,"""Lighthouse"" â€“ ""Sea Breeze Resort"" kompleksinÉ™ daxil olan vÉ™ dÉ™niz sahilindÉ™n 150 m mÉ™safÉ™dÉ™ yerlÉ™ÅŸÉ™n 4 sÉ™kkizmÉ™rtÉ™bÉ™li binadan ibarÉ™t rezidensiyadÄ±r.

SatÄ±ÅŸda olan bu mÉ™nzilin digÉ™r mÉ™nzillÉ™rdÉ™n Ã¼stÃ¼nlÃ¼yÃ¼

> GeniÅŸ eyvanÄ± var
> MÉ™nzil hovuza baxÄ±r
> DÉ™niz mÉ™nzÉ™rÉ™lidir
> Yalniz bu binada 1 vÉ™ 2-ci mÉ™rtÉ™bÉ™ Crocus Fitness mÃ¶vcuddur. HÉ™mÃ§inin daxili hovuz fÉ™aliyyÉ™t gÃ¶stÉ™rir.

MÉ™nzil tam tÉ™mirli tÉ™hvil verilir. TÉ™mirÉ™ daxildir:

> GiriÅŸ vÉ™ otaqlar arasÄ± qapÄ±lar
> MÉ™rkÉ™zlÉ™ÅŸdirilmiÅŸ istilik/ soyutma sistemi
> Keramoqranit plitÉ™lÉ™rlÉ™ hÉ™mÃ§inin parket ilÉ™ Ã¼zlÉ™nmiÅŸ dÃ¶ÅŸÉ™mÉ™
> BoyanmÄ±ÅŸ divarlar vÉ™ tavan
> Sanitar qovÅŸaqla tÉ™chiz edilÉ™cÉ™k
> MÉ™nzilin bÃ¼tÃ¼n elektrik sistemi
> TermoizolasiyalÄ± ÅŸÃ¼ÅŸÉ™ kameradan vÉ™ alÃ¼minium profildÉ™n ibarÉ™t olan pÉ™ncÉ™rÉ™ Ã§É™rÃ§ivÉ™lÉ™ri

MÉ™nzili tez alsanÄ±z tÉ™mir prosesindÉ™ iÅŸtirak edÉ™ bilÉ™rsiniz.

Rezidensiya hotel lobbisi, uÅŸaq meydanÃ§asÄ±, idman zallarÄ±, spa-zona vÉ™ mini-barlara malik aÃ§Ä±q hovuzlarla tÉ™min olunub. YaÅŸayÄ±ÅŸ kompleksinÉ™ yeraltÄ± vÉ™ yerÃ¼stÃ¼ parkinq, elÉ™cÉ™ dÉ™ yaranmÄ±ÅŸ istÉ™nilÉ™n sualÄ± hÉ™ll etmÉ™kdÉ™ yardÄ±mÃ§Ä± olacaq idarÉ™edici ÅŸirkÉ™tin xidmÉ™tlÉ™ri daxildir.

ÃœstÃ¼nlÃ¼klÉ™r:

> SÉ™rfÉ™li investisiya, mÉ™nzillÉ™rin sayÄ± mÉ™hdud olduÄŸu Ã¼Ã§Ã¼n gÃ¼nÃ¼ gÃ¼ndÉ™n qiymÉ™ti artÄ±r.
> Apartament sahiblÉ™ri ""Sea Breeze"" kompleksinin rezidentlÉ™rinÉ™ Ã§evrilirlÉ™r
> 8 km-lik Ã§imÉ™rlik zonasÄ±
> 1,5 km-lik Ã¶zÉ™l Ã§imÉ™rlik
> 24/7 resepÅŸn xidmÉ™ti
> HazÄ±r tÉ™mir
> SÉ™ssiz liftlÉ™r
> HÃ¼ndÃ¼r tavanlar
> MÉ™rkÉ™zi havalandÄ±rma
> MÉ™nzillÉ™rÉ™ Ã§Ä±xarÄ±ÅŸlar
> Mini-bara malik aÃ§Ä±q hovuzlar
> Fitnes zalÄ±, spa-zona vÉ™ gÃ¶zÉ™llik salonu
> XilasetmÉ™ vÉ™ tibb xidmÉ™tlÉ™ri
> ""LANDAU School"" beynÉ™lxalq mÉ™ktÉ™bi
> UÅŸaqlar Ã¼Ã§Ã¼n oyun zonasÄ±
> 24/7 market
> Tennis kortu, basketbol meydanÃ§asÄ± vÉ™ mini-futbol meydanÄ±
> Restoranlar: ""Shore House"", ""Fish Box"", > ""Rose Bar"" (rezidentlÉ™r Ã¼Ã§Ã¼n 20% endirim)
> TÉ™mtÉ™raqlÄ± tÉ™dbirlÉ™rin vÉ™ konfranslarÄ±n keÃ§irilmÉ™si Ã¼Ã§Ã¼n unikal ""Event Hall"" layihÉ™si
> Ã‡oxlu sayda parkinq yerlÉ™ri",85,"Sea Breeze 
"," SabunÃ§u r.
"," Nardaran q.
",,,,,,,,,
2571710,2022-01-18,Yeni tikili,11 / 16,114 mÂ²,3,var,210 000AZN,vasitÉ™Ã§i (agent),COX COX TECILI DEYERINEN ASAGI Yasamal r Abbas Mirze Serifzade kucesinde kristal abseronda yeni tikili 16 mertebeli binanin 11 ci mertebesinde radnoy 3 otagli umumi sahesi 112 kv/m olan  temirli menzil satilir her iki terefe baxisi var serifzadeye ve zerdabiye denize ponarama var sekilde gorduyunuz qaz su isig var kupca var ipotekaya yararlidi yaninda mekdeb baxca istirahet zonasi ve.s yerlesir  xais olunur real alicilar elaqe saxlasinlar ofis haqqi 1% teskil edir,37,"Ä°nÅŸaatÃ§Ä±lar m.
"," Yasamal r.
"," Yasamal q.
",,,,,,,,,
2571709,2022-01-18,KÃ¶hnÉ™ tikili,1 / 5,75 mÂ²,3,var,81 000AZN,vasitÉ™Ã§i (agent),"tecili 2 otaq +1 otaq( artirmasi olan 24kv) menzil satilir.

temirlidir.geniw ve heyetinde cox gozel parki vardir.

suyu,isiqi,qazi daimidir.

azadliq metrosuna da yaxindir.

ofis haqqin da yaddan cixarmayin,yaeni 800 azn.",49,"BinÉ™qÉ™di r.
"," 7-ci mikrorayon q.
",,,,,,,,,,
2571706,2022-01-18,Yeni tikili,6 / 18,97 mÂ²,2,yoxdur,137 000AZN,vasitÉ™Ã§i (agent),"NÉ™rimanov TÉ™hsil Nazirliyinin arxasÄ± 2 otaqlÄ± mÉ™nzil 137000 azn
______________
ğŸ“Œ QarabaÄŸ kÃ¼Ã§
ğŸ“Œ TÉ™hsil Nazirliyinin arxasÄ±
ğŸ“Œ QazlÄ± MÃ¶htÉ™ÅŸÉ™m Premiun Binada
ğŸ“Œ 17/6-97 kv 2 otaqlÄ±
ğŸ“Œ Proyekti 3 otaÄŸa rahat Ã§evirmÉ™k olar
ğŸ“Œ Bina Tam hazÄ±rdÄ± tÉ™mirÉ™ buraxÄ±lÄ±b
ğŸ“Œ BinanÄ±n SÉ™liqÉ™li bÃ¶yÃ¼k baÄŸlÄ± hÉ™yÉ™ti, YeraltÄ± Avto parkinq, SÃ¼rÉ™tli Sigma liftlÉ™ri var
ğŸ“Œ MÉ™nzilÉ™ tezliklÉ™ Ã‡Ä±xarÄ±ÅŸ verilÉ™cÉ™k
ğŸ“Œ XidmÉ™t haqqÄ± 1% tÉ™ÅŸkil edir
______________",45,"ÅÉ™rq bazarÄ± 
"," TÉ™hsil Nazirliyi 
"," NÉ™rimanov r.
",,,,,,,,,
1857542,2022-01-18,Yeni tikili,5 / 19,148 mÂ²,4,yoxdur,208 000AZN,vasitÉ™Ã§i (agent),"NeftÃ§ilÉ™r ( MÉ™lhÉ™m hospital yaninda ) . Pilot tikili . Yeni tikili 19 mÉ™rtÉ™bÉ™li 5-ci mÉ™rtÉ™bÉ™sindÉ™ , 4 otaq ( 3 dÉ™n 4  dÃ¼zÉ™lib ) , sahÉ™ 148 kv . Qaz su iÅŸiÄŸ fasilÉ™sizdir .",54,"Nizami r.
",,,,,,,,,,,
2571701,2022-01-18,Yeni tikili,7 / 8,205 mÂ²,4,var,445 000AZN,vasitÉ™Ã§i (agent),"Ã‡OX TÆCÄ°LÄ° SATILIR!!! ÆLA TÆKLÄ°F!!!
AÄŸ ÅÉ™hÉ™rdÉ™ premium binada Park Palace yaÅŸayÄ±ÅŸ kompleksindÉ™ 7/6dÉ™ 200 kv 4 otaqlÄ± tÉ™mirsiz (PODMAYAK) mÉ™nzil satÄ±lÄ±r!
mÉ™nzil polskvaznoydur. Zal vÉ™ 1 yayaq otaÄŸÄ± boyuk Vitraj pÉ™ncÉ™rÉ™dir.Balkondan dÉ™nizÉ™ mÉ™nzÉ™rÉ™ var. Binada É™n yaxÅŸl proyektli mÉ™nzildi.Bina tÉ™mirÉ™ buraxÄ±lÄ±b.MÉ™zil mÉ™rkÉ™zi yola vÉ™ parka baxÄ±r.
ÅirkÉ™tin ximdÉ™t haqqÄ± 1% tÉ™ÅŸkil edir !!!
É™lavÉ™ mÉ™llumat Ã¼Ã§Ã¼n zÉ™ng vura bilÉ™rsiz!!!",39,"AÄŸ ÅŸÉ™hÉ™r 
"," XÉ™tai r.
",,,,,,,,,,
2571699,2022-01-18,Yeni tikili,4 / 8,75 mÂ²,2,var,279 500AZN,mÃ¼lkiyyÉ™tÃ§i,"TÉ™cili satÄ±lÄ±r!

""Lighthouse"" â€“ ""Sea Breeze Resort"" kompleksinÉ™ daxil olan vÉ™ dÉ™niz sahilindÉ™n 150 m mÉ™safÉ™dÉ™ yerlÉ™ÅŸÉ™n 4 sÉ™kkizmÉ™rtÉ™bÉ™li binadan ibarÉ™t rezidensiyadÄ±r.

SatÄ±ÅŸda olan bu mÉ™nzilin digÉ™r mÉ™nzillÉ™rdÉ™n Ã¼stÃ¼nlÃ¼yÃ¼

> GeniÅŸ eyvanÄ± var
> MÉ™nzil hovuza baxÄ±r
> DÉ™niz mÉ™nzÉ™rÉ™lidir
> MÉ™nzilin yerlÉ™ÅŸmÉ™si elÉ™ istiqamÉ™tdÉ™dir ki, gÃ¼nÉ™ÅŸi sÉ™hÉ™rlÉ™r Ã§Ä±xanda da gÃ¶rmÉ™k olur, axÅŸam gÃ¼n batanda da mÃ¼ÅŸahidÉ™ etmÉ™k olur.

MÉ™nzil tam tÉ™mirli tÉ™hvil verilir. TÉ™mirÉ™ daxildir:

> GiriÅŸ vÉ™ otaqlar arasÄ± qapÄ±lar
> MÉ™rkÉ™zlÉ™ÅŸdirilmiÅŸ istilik/ soyutma sistemi
> Keramoqranit plitÉ™lÉ™rlÉ™ hÉ™mÃ§inin parket ilÉ™ Ã¼zlÉ™nmiÅŸ dÃ¶ÅŸÉ™mÉ™
> BoyanmÄ±ÅŸ divarlar vÉ™ tavan
> Sanitar qovÅŸaqla tÉ™chiz edilÉ™cÉ™k
> MÉ™nzilin bÃ¼tÃ¼n elektrik sistemi 
> TermoizolasiyalÄ± ÅŸÃ¼ÅŸÉ™ kameradan vÉ™ alÃ¼minium profildÉ™n ibarÉ™t olan pÉ™ncÉ™rÉ™ Ã§É™rÃ§ivÉ™lÉ™ri

MÉ™nzili tez alsanÄ±z tÉ™mir prosesindÉ™ iÅŸtirak edÉ™ bilÉ™rsiniz.

Rezidensiya hotel lobbisi, uÅŸaq meydanÃ§asÄ±, idman zallarÄ±, spa-zona vÉ™ mini-barlara malik aÃ§Ä±q hovuzlarla tÉ™min olunub. YaÅŸayÄ±ÅŸ kompleksinÉ™ yeraltÄ± vÉ™ yerÃ¼stÃ¼ parkinq, elÉ™cÉ™ dÉ™ yaranmÄ±ÅŸ istÉ™nilÉ™n sualÄ± hÉ™ll etmÉ™kdÉ™ yardÄ±mÃ§Ä± olacaq idarÉ™edici ÅŸirkÉ™tin xidmÉ™tlÉ™ri daxildir.

ÃœstÃ¼nlÃ¼klÉ™r:

> SÉ™rfÉ™li investisiya, mÉ™nzillÉ™rin sayÄ± mÉ™hdud olduÄŸu Ã¼Ã§Ã¼n gÃ¼nÃ¼ gÃ¼ndÉ™n qiymÉ™ti artÄ±r.
> Apartament sahiblÉ™ri ""Sea Breeze"" kompleksinin rezidentlÉ™rinÉ™ Ã§evrilirlÉ™r
> 8 km-lik Ã§imÉ™rlik zonasÄ±
> 1,5 km-lik Ã¶zÉ™l Ã§imÉ™rlik
> 24/7 resepÅŸn xidmÉ™ti
> HazÄ±r tÉ™mir
> SÉ™ssiz liftlÉ™r
> HÃ¼ndÃ¼r tavanlar
> MÉ™rkÉ™zi havalandÄ±rma
> MÉ™nzillÉ™rÉ™ Ã§Ä±xarÄ±ÅŸlar
> Mini-bara malik aÃ§Ä±q hovuzlar
> Fitnes zalÄ±, spa-zona vÉ™ gÃ¶zÉ™llik salonu
> XilasetmÉ™ vÉ™ tibb xidmÉ™tlÉ™ri
> ""LANDAU School"" beynÉ™lxalq mÉ™ktÉ™bi
> UÅŸaqlar Ã¼Ã§Ã¼n oyun zonasÄ±
> 24/7 market
> Tennis kortu, basketbol meydanÃ§asÄ± vÉ™ mini-futbol meydanÄ±
> Restoranlar: ""Shore House"", ""Fish Box"", > ""Rose Bar"" (rezidentlÉ™r Ã¼Ã§Ã¼n 20% endirim)
> TÉ™mtÉ™raqlÄ± tÉ™dbirlÉ™rin vÉ™ konfranslarÄ±n keÃ§irilmÉ™si Ã¼Ã§Ã¼n unikal ""Event Hall"" layihÉ™si
> Ã‡oxlu sayda parkinq yerlÉ™ri",1090,"Sea Breeze 
"," SabunÃ§u r.
"," Nardaran q.
",,,,,,,,,
2571697,2022-01-18,Yeni tikili,3 / 17,115 mÂ²,3,var,168 000AZN,vasitÉ™Ã§i (agent),"Tecili Satilir 
Ela Teklif 
KUPCALI
IPOTEKAYA YARARLI
Bineqedi rayonu,7 mkr Fizuli Orucov kucesinde 17 mertebeli yeni tikili binanin 3 cu mertebesinde radnoy 3 otaqli tam temirli menzil 
24 saat muhafize xidmeti ve suretli liftle temin olunmuw bina 
Eraziye yaxin butun iawe obyektleri var
Elave melumat ucun real alicilar elaqe saxlasin 
Qiymet 170000
Ofis Xidmet Haqqi 1%",41,"BinÉ™qÉ™di r.
"," 7-ci mikrorayon q.
",,,,,,,,,,
2571693,2022-01-18,KÃ¶hnÉ™ tikili,4 / 5,60 mÂ²,2,var,107 000AZN,vasitÉ™Ã§i (agent),"TÆCÄ°LÄ°.. YaÅŸamaq vÉ™ ya MÉ™nzili AlÄ±b 500 Azn KirayÉ™ VermÉ™k Ã¼Ã§Ã¼n ÆLA TÆKLÄ°F.. ElmlÉ™r AkademiyasÄ± Metrosuna yaxÄ±n, Haqverdiyev kÃ¼Ã§É™si, Ä°ncÉ™sÉ™nÉ™t Universitetinin vÉ™ Olimp MagazasÄ±nÄ±n yanÄ±, Yola baxan DaÅŸ Bina, 4\5, Orta blok, Skovoznoy(YelÃ§É™kÉ™n), Pol Parket, MÉ™tbÉ™x artÄ±rÄ±lÄ±b 14 kv.m, BaglÄ± Eyvan, Zal GeniÅŸlÉ™ndirilib, YaxÅŸÄ±  TÉ™mirli... MEBELLÆRLÆ BÄ°RLÄ°KDÆ SATILIR..",2670,"ElmlÉ™r AkademiyasÄ± m.
"," HÃ¼seyn Cavid parkÄ± 
"," Yasamal r.
",,,,,,,,,
2571692,2022-01-18,Yeni tikili,5 / 16,177 mÂ²,3,yoxdur,189 000AZN,vasitÉ™Ã§i (agent),"Nerimanov Metrosu, Tebriz Kucesinde Sahesi 177 kv.m olan 3 otaqli menzil tecili satilir. 4 otaga predelka alinir. cox genis zali var.  Binada Qaz, Su, isiq 24 saat. Diger melumatlar ucun zeng edin. ",59,"NÉ™riman NÉ™rimanov m.
"," NÉ™rimanov r.
",,,,,,,,,,
2571689,2022-01-18,KÃ¶hnÉ™ tikili,2 / 5,35 mÂ²,2,yoxdur,300AZN,mÃ¼lkiyyÉ™tÃ§i,"MÉ™nzil yalnÄ±z ailÉ™yÉ™ kirayÉ™ verilir. 1otaqdan 2 otaÄŸa duzelmedir.  Kombi yoxdur.  Su qÄ±zdÄ±rÄ±cÄ± pitumutka, evdÉ™ qalacaq É™ÅŸyalar yalnÄ±z ÅŸÉ™kildÉ™ gÃ¶rsÉ™nÉ™n eÅŸyalardÄ±r. ",40,"Tibb Universiteti 
"," NÉ™simi r.
"," 4-cÃ¼ mikrorayon q.
",,,,,,,,,
2571688,2022-01-18,KÃ¶hnÉ™ tikili,5 / 9,74 mÂ²,3,var,82 000AZN,vasitÉ™Ã§i (agent),"DiqqÉ™t, Ã‡OX TÆCÄ°LÄ°. PUL EHTIYACI OLDUQUNDAN ÆMLAK BAZARINDA DÆYÆRÄ°NDÆN Ã‡OX AÅAQI QÄ°YMÆTÆ MÆNZÄ°L SATILIR VÆ YAXUD ZABRATDA 4-5 SOT TORPAQIN Ä°Ã‡Ä°NDÆ KUPÃ‡ALI 3-4 OTAQLI 40-45000 DEYERÄ°NDÆ EVLÆDÆ  ÃœSTÃœNDÆ QALAN SUMMANI Ã–DÆMÆKLÆDÆ DÆYÄ°ÅMÆK MÃœMKÃœNDÃœ.TÉ™miz HavasÄ±na vÉ™ gÃ¶zÉ™l  PonaramasÄ±na gÃ¶rÉ™ fÉ™rqli bir É™razidÉ™ BakÄ±nÄ±n XÉ™tai rayonu ÆhmÉ™dli qÉ™sÉ™bÉ™si GÉ™ncÉ™ prospetindÉ™ metro HÉ™zi Aslanova aftobusla 3-4 dÉ™yiqÉ™lik  mÉ™safÉ™dÉ™ yerlÉ™ÅŸÉ™n 9/5-ci mÉ™rtÉ™bÉ™sindÉ™ tam 3-otaqlÄ± orta yaxÅŸÄ± skvaznoy Ã¼mumi sahÉ™si 74kv mÉ™nzil lap yenicÉ™ elÉ™ bu gÃ¼ndÉ™n 82000 manata tÉ™cili satÄ±ÅŸa Ã§Ä±xarÄ±ldÄ±.MÉ™nzilin otaqlarÄ± hamÄ±sÄ± tÉ™zÉ™ tÉ™mir olub. MÉ™nzildÉ™ yalnÄ±z xÄ±rda tÉ™mirÉ™ ehtiyac qalÄ±b. Bu qiymÉ™tÉ™ heÃ§ HÃ¶vsan É™razisindÉ™ ev yoxdur. SaitlÉ™rdÉ™ baxÄ±n axtarÄ±n mÃ¼mkÃ¼n deyil olsun. YalnÄ±z 9-cu vÉ™ 1-ci mÉ™rtÉ™bÉ™ ola bilÉ™r. Orta blok orta mÉ™rtÉ™bÉ™ lift tÉ™zÉ™. Æn Ã§ox nÉ™qd alan adama Ã¼stÃ¼nlÃ¼k verilir. Ä°poteka ilÉ™ sÉ™nÉ™dlÉ™ri hazÄ±r olan vÉ™ ev axtarÄ±ÅŸÄ±na vaxtÄ± az qalmÄ±ÅŸ adamlar zÉ™ng etsinlÉ™r.GÃ¶zlÉ™mÉ™y vaxtÄ± yoxtÄ± azdÄ±r.MÉ™rkÉ™zi istilik sistemi. Qaz su iÅŸÄ±q 24 saat fasilÉ™siz verilir. MÉ™ktÉ™b baxÃ§a evin lap yanÄ±nda. Bazar- Stor OBA market lap yanÄ±nda. MÉ™hÉ™llÉ™ kameralanmÄ±ÅŸ.MarÅŸurt  bolluqu. Æla Ä°nfrastruktur. MÉ™nzil yalnÄ±z mÉ™ndÉ™dir. Real alÄ±cÄ±ya yaxÅŸÄ± 2-3 min endirim olacaq. Ondan aÅŸaqÄ± dÃ¼ÅŸÃ¼nÉ™n adamlar zÉ™ng etmÉ™sin. ÅÄ°RKÆT VÆ FÄ°RMA Ä°ÅÃ‡Ä°LÆRÄ° ZÆNG ETMÆSÄ°N. Ã–ZÃœM FÄ°RMA Ä°ÅÃ‡Ä°SÄ°YÆM. Firma haqqÄ± 1%.",983,"XÉ™tai r.
"," ÆhmÉ™dli q.
",,,,,,,,,,
2571686,2022-01-18,KÃ¶hnÉ™ tikili,8 / 9,75 mÂ²,3,var,130 000AZN,vasitÉ™Ã§i (agent),"- Qara Qarayev M.ST yaxinligi
- PRAGA restoran yani
- Kohne tikili binada
- KIEV  LAHIYE
- Qanuni 3 otaqli
- Sahesi 75 kv
- Mertebe 9/8
- Sened Cixarilis(kupca)
- IPOTEKAYA yararli
- Melumat ucun elaqe saxlayin
- OFIS XIDMET HAQQI 1 %
",28,"Nizami r.
",,,,,,,,,,,
2571680,2022-01-18,KÃ¶hnÉ™ tikili,2 / 5,80 mÂ²,3,var,125 000AZN,vasitÉ™Ã§i (agent),SemaÅŸko ilÉ™ Ã¼z Ã¼zÉ™ Stalinka binanÄ±n ikinci mÉ™rtÉ™bÉ™si.Ä°nqilab asan xidmÉ™tin arxasÄ±na dÃ¼ÅŸÃ¼r.sakit sÉ™liqÉ™li mÉ™hÉ™llÉ™si var.yelcÉ™kÉ™n mÉ™nzildi.,80,"Tibb Universiteti 
"," NÉ™simi r.
",,,,,,,,,,
2571679,2022-01-18,Yeni tikili,6 / 8,58 mÂ²,2,yoxdur,33 000AZN,vasitÉ™Ã§i (agent),"DÃœÅME VARÄ°ANT. 
Masazir qesebesi AbÅŸeron siti yaÅŸayiÅŸ kompleksinde, 
8/6-da,  Qanuni 2otaqli temirsiz menzil satilir. 
Bina tam hazÄ±r yaÅŸayiÅŸli binadir. 
Su,iÅŸiq qaz var. Lifti iÅŸlekdir. 
SayÄŸaclarÄ±n pulu Ã¶dÉ™nilib. 
Menzil olduqca elverisli yerde yerlÉ™ÅŸir. ",57,"AbÅŸeron r.
"," MasazÄ±r q.
",,,,,,,,,,
2571678,2022-01-18,Yeni tikili,18 / 19,62 mÂ²,2,var,100 000AZN,vasitÉ™Ã§i (agent),"Yasamal rayonu,Yeni Yasamal qesebesinde,Palmera restoranin yaxinliqinda 19 mertebeli yenitikili binanin 18ci mertebesinde umumi sahesi 62kv olan 1 otaqdan 2 otaqa duzelme  STUDIO tipli ela temirli menzil satilir.Menzilin senedleri qaydasindadir,qazi,suyu,isiqi daimidir.Etrafli melumat ucun elaqe saxlayin.
Ofis haqqi 1%. 
",49,"Yasamal r.
"," Yeni Yasamal q.
",,,,,,,,,,
2571676,2022-01-18,KÃ¶hnÉ™ tikili,6 / 9,56 mÂ²,2,yoxdur,86 000AZN,vasitÉ™Ã§i (agent),"Neftciler metrosu Xezer klinikasinin binasi tam yeni temirli 2 otaqli menzil satilir,dash bina,pol parket,merkezi istilik sistemi,blokun girish qapilari kodladir,yaxinliqda iki mekteb Azerbaycan ve Rus temaullu mektebler ve baxcalar var,menzilde temirden sonra yashayish olmayib,qeyri ciddi shexsler ve vasiteciler zeng etmesinler.Firmanin xidmet haqqi alicidan umumi mebleqin 1 % teshkil edir,(850 manat).",54,"NeftÃ§ilÉ™r m.
"," Nizami r.
"," 8-ci kilometr q.
",,,,,,,,,
2571675,2022-01-18,KÃ¶hnÉ™ tikili,5 / 5,40 mÂ²,2,var,52 000AZN,vasitÉ™Ã§i (agent),"Ayna sultanovanÄ±n yaxÄ±nlÄ±ÄŸÄ±nda, Elit ticarÉ™t mÉ™rkÉ™zinin yanÄ±nda 5 mÉ™rtÉ™bÉ™li fransÄ±z layihÉ™li binanÄ±n 5-ci mÉ™rtÉ™bÉ™sindÉ™ Ã¼mÃ¼mi sahÉ™si 40 kv/m olan 2 otaÄŸlÄ± mÉ™nzil satÄ±lÄ±r. Qaz, Su, Ä°ÅŸiq daimidir. SÆNÆD KUPCA! ÆtraflÄ± mÉ™lumat Ã¼cÃ¼n É™laqÉ™ saxlayÄ±n.",92,"NÉ™rimanov r.
",,,,,,,,,,,
2571673,2022-01-18,KÃ¶hnÉ™ tikili,9 / 9,80 mÂ²,3,var,110 000AZN,vasitÉ™Ã§i (agent),Qara Qarayev metrosuna 3-4 qÉ™qiqÉ™ mÉ™safÉ™dÉ™ Qarayev praspektindÉ™ 9/9 cu mÉ™rtÉ™bÉ™sindÉ™ 3-otaÄŸ 80 kv kiyev lahÉ™li tÉ™mirli mÉ™nzil tÉ™cili satÄ±lÄ±r orta bulokdu yel cÉ™kÉ™ndi yÉ™ni skvaznoydu qazÄ± suyu iÅŸÄ±ÄŸÄ± dayÄ±madÄ±r kupcasÄ± var binanÄ±n yaxÄ±nlÄ±ÄŸÄ±nda 3 mÉ™ktÉ™b baxca az sektr rus sektrlarÄ± var vÉ™ ticarÉ™t mÉ™rgÉ™zlÉ™ri yerlÉ™ÅŸÄ±r baÅŸqa mÉ™nzillÉ™rimizdÉ™ var buyurub zÉ™ng edÉ™ bilÉ™rsiz,29,"Qara Qarayev m.
"," Nizami r.
",,,,,,,,,,
2571671,2022-01-18,Yeni tikili,14 / 15,145 mÂ²,3,var,275 000AZN,vasitÉ™Ã§i (agent),"TECILI SATILIR
 ELIMLER AKADEMYASI VE HUSEYIN CAVID PARKININ TAM YAXINLIGINDA 

DENIZ PONARAMALI
 yeni tikili binanin 14 ci mertebesinde qarsisi hec bir zaman baglanmayacag deniz ponaramali zeif temirli qanuni 3 otag menzil satilir binanin etrafinda yeni salinmis park mekdeb baxca marketler var bina en esasida elimler metrosuna ve huseyin cavid parkina yaxindi bu erazide ismayil bey qurtqasinlida bu qiymete qanuni 3 otag menzil yoxdu
 SIRKETIN XIDMET HAQQI 1%",42,"HÃ¼seyn Cavid parkÄ± 
"," ElmlÉ™r AkademiyasÄ± m.
"," Yasamal r.
",,,,,,,,,
2520428,2022-01-18,Yeni tikili,15 / 19,60 mÂ²,3,var,87 000AZN,vasitÉ™Ã§i (agent),"COX TECILI Deyerinden asaqi qiymete satilir !!! MIR CELAL kucesinde fovqalade catmamis soldaki binalar 9 cu mk en yaxsi binalarindan birinde kupcali menzildir suyu isiqi qazi daimadir tecilin satildiqi ucun bu qiymete verilir gozel panaramasi ipotekaya yararli 19/15  Xidmet Haqqi 1 %
",69,"BinÉ™qÉ™di r.
"," 9-cu mikrorayon q.
",,,,,,,,,,
2571670,2022-01-18,Yeni tikili,8 / 18,89 mÂ²,2,yoxdur,190 000AZN,vasitÉ™Ã§i (agent),"Metro ElmlÉ™r AkademiyasÄ± yaÄŸÄ±nlÄ±ÄŸÄ±nda yerlÉ™ÅŸÉ™n Z.XÉ™lilov kÃ¼Ã§É™sindÉ™ tanÄ±nmÄ±ÅŸ tikinti ÅŸirkÉ™tinin yÃ¼ksÉ™k keyfiyyÉ™tlÉ™ inÅŸa edilÉ™n vÉ™ mÃ¶htÉ™ÅŸÉ™m gÃ¶rÃ¼nÃ¼ÅŸÉ™ malik ""Renessans Palace"" yaÅŸayÄ±ÅŸ kompleksindÉ™ yerlÉ™ÅŸir. Ã¼mumi sahÉ™si 86 m2 olan iki otaqlÄ± (iki eyvanlÄ±), tÉ™mirsiz (podmoyak) mÉ™nzil satÄ±lÄ±r. super proyekt, 17/8-ci mÉ™rtÉ™bÉ™, dÉ™niz mÉ™nzÉ™rÉ™lidir. sakinlÉ™rin rahatlÄ±ÄŸÄ± vÉ™ tÉ™hlÃ¼kÉ™sizliyi Ã¼Ã§Ã¼n hÉ™r bir detal incÉ™liklÉ™ nÉ™zÉ™rÉ™ alÄ±nmÄ±ÅŸdÄ±r. mÉ™rmÉ™r Ã¶rtÃ¼klÃ¼ bloklarÄ±n yÃ¼ndÃ¼rlÃ¼yÃ¼ 3.30-5.00 metrÉ™ olan vÉ™ 1551 avtomobil Ã¼Ã§Ã¼n nÉ™zÉ™rdÉ™ tutulmuÅŸ avtoparkinq. hÉ™yÉ™tindÉ™ mÃ¼asir uÅŸaq meydanÃ§asÄ±, tennis kortu, basketbol meydanÃ§asÄ±, qaÃ§Ä±ÅŸ vÉ™ velosiped zolaqlarÄ± vardÄ±r. kompleks parka, mÉ™rkÉ™zi yola, avtodayanacaÄŸa, metroya, prospektÉ™ yaxÄ±n mÉ™safÉ™dÉ™dir.",33,"Yasamal r.
"," Yasamal q.
",,,,,,,,,,
2571668,2022-01-18,Yeni tikili,13 / 17,120 mÂ²,3,var,198 000AZN,vasitÉ™Ã§i (agent),"ÆRAZÄ° : Yasamal ray.insaatcilar metrosunda yerlesir . SÆNÆD: KupÃ§a ( Ã‡Ä±xarÄ±ÅŸ ) var. MÆRTÆBÆ: 17/13 OTAQ SAYI: 3( qanuni ) SAHÆSÄ°: 120 kvmdir. QEYD: BinanÄ±n geniÅŸ hÉ™yÉ™ti. Parking. Qaz , su, iÅŸÄ±q daimi. Esyalarla birlikde satilir. Super tÉ™mirli. Elave melumat ucun qeyd olunan nomre ile elaqe saxlayin.",40,"Ä°nÅŸaatÃ§Ä±lar m.
"," Yasamal r.
",,,,,,,,,,
2571667,2022-01-18,Yeni tikili,11 / 18,55 mÂ²,2,var,129 000AZN,vasitÉ™Ã§i (agent),"ECE Hospital Ä°nqilab 2 otaqlÄ± 129.000 azn
______________
ğŸ“Œ AzadlÄ±q Ä°nqilab kÉ™siÅŸmÉ™
ğŸ“Œ 1 Asan XidmÉ™t ECE Hospital
ğŸ“Œ QazlÄ± Premium bina
ğŸ“Œ 18/11-55 kv 2 otaÄŸa dÃ¼zÉ™lib
ğŸ“Œ MÉ™nzil TÉ™mirdÉ™n Yeni Ã§Ä±xÄ±b
ğŸ“Œ TÉ™mir olduqca KeyfiyyÉ™tlidir
ğŸ“Œ BinanÄ±n SÉ™liqÉ™li hÉ™yÉ™ti YeraltÄ± avtoparkÄ± mÃ¶vcuddur.
ğŸ“Œ XidmÉ™t haqqÄ± 1% tÉ™ÅŸkil edir
______________",49,"ASAN XidmÉ™t â„–1 
"," Tibb Universiteti 
"," NÉ™simi r.
",,,,,,,,,
2571665,2022-01-18,Yeni tikili,13 / 16,115 mÂ²,3,var,205 000AZN,vasitÉ™Ã§i (agent),"Ã‡ox TÉ™cili SatÄ±lÄ±r!!! 
Nerimanov r-nu Aga NeymÉ™tulla 70 Ã¼nvanÄ±nda yerlÉ™ÅŸir.KÉ™lam MTK. Qanuni 3 otaq,115kv.16/13-mertebesi.Ev É™ÅŸyasÄ±z satilir,temiz,remontlu evdir ÅŸÉ™kildÉ™ olduÄŸu kimi.Blok vÉ™ mÉ™rtÉ™bÉ™ baxÄ±mlidÄ±r.ÆtrafÄ±nda 2 mÉ™ktÉ™b (45 vÉ™ 212)2 baÄŸÃ§a var.
ÅirkÉ™tin ximdet  HaqqÄ± 1% tÉ™ÅŸkil edir !!!",33,"NÉ™riman NÉ™rimanov m.
"," NÉ™rimanov r.
",,,,,,,,,,
2571663,2022-01-18,Yeni tikili,10 / 27,145 mÂ²,3,yoxdur,204 000AZN,vasitÉ™Ã§i (agent),Qrand Heyat 10-cu mertebe 3 otaq temirsiz menzil satilir etrafli zeng edin,52,"Yasamal r.
",,,,,,,,,,,
2571661,2022-01-18,Yeni tikili,3 / 14,144 mÂ²,3,var,250 000AZN,vasitÉ™Ã§i (agent),Neriman Nerimanov metrosu Heyder Eliyev merkezinin yani Neptun market EDEM MTK yashayish kompleksi 14 mertebenin 3 cu mertebesi 3 otaqli sahesi 144 kv metr olan menzil 250000 AZN satilir metronun yani merkezin yani sheherin merkezi ve s shirketin xidmet haqqi 1 faiz edir ,36,"NÉ™riman NÉ™rimanov parkÄ± 
"," NÉ™riman NÉ™rimanov m.
"," NÉ™rimanov r.
",,,,,,,,,
2571660,2022-01-18,Yeni tikili,12 / 15,165 mÂ²,3,var,330 000AZN,vasitÉ™Ã§i (agent),"BakÄ± ÅŸÉ™hÉ™ri, NÉ™rimanov rayonu QarabaÄŸ kÃ¼Ã§É™sindÉ™ Poleks MTK-ya mÉ™xsus 15 mÉ™rtÉ™bÉ™li binanÄ±n 12-ci mÉ™rtÉ™bÉ™sindÉ™ Ã¼mumi sahÉ™si 165 kv/metr olan 3 otaqlÄ± mÉ™nzil satÄ±lÄ±r. Æla tÉ™mirlidir. MÉ™nzil yÃ¼ksÉ™k keyfiyyÉ™tli materiallar ilÉ™ tÉ™mir olunub.TÉ™mirdÉ™n sonra yaÅŸayÄ±ÅŸ olmayÄ±b.GeniÅŸ eyvanÄ± var.Qaz,su, iÅŸÄ±q daimidir. SÉ™nÉ™di KUPÃ‡ADIR(Ã‡Ä±xarÄ±ÅŸ).BinanÄ±n maÅŸÄ±n saxlamaq Ã¼Ã§Ã¼n dayanacaÄŸÄ±, geniÅŸ hÉ™yÉ™ti vÉ™ 24 saat mÃ¼hafizÉ™ xidmÉ™ti var. Luxen Plaza yaxÄ±nlÄ±ÄŸÄ±nda yerlÉ™ÅŸir.Ä°nfrastruktur cÉ™hÉ™tdÉ™n É™lveriliÅŸli É™razidÉ™ yerlÉ™ÅŸir. Ætrafda mÉ™ktÉ™b,baxÃ§a,supermarketlÉ™r vÉ™ digÉ™r iaÅŸÉ™ obyektlÉ™ri var.
 QEYD: ÅÆHÄ°D AÄ°LÆLÆRÄ° VÆ 2-CÄ° QARABAÄ MÃœHARÄ°BÆSÄ° QAZÄ°LÆRÄ°NÆ XÄ°DMÆT TAMAMÄ°LÆ PULSUZDUR. HEÃ‡ BÄ°R KOMÄ°SÄ°YA TUTULMUR !
QÄ°YMÆTÄ°  â€“ 330 000 AZN
XÄ°DMÆT HAQQI â€“ 1% 
",44,"TÉ™hsil Nazirliyi 
"," NÉ™rimanov r.
",,,,,,,,,,
2571659,2022-01-18,Yeni tikili,9 / 21,270 mÂ²,5,var,335 000AZN,vasitÉ™Ã§i (agent),"QAZ+KUPCA+Ipotekaya yararli!!!!

Podmayak Qiymetine Seherin Merkezinde menzil satilir !!!!
Hesen Eliyev kucesinde(Inqilab) Tiblisi Prospekte yaxin 21 mertebeli Yeni tikilinin 9 cu mertebesinde umumi sahesi 270 kvm olan 5 otagli Evro temirli Menzil satilir !!!!
Isiq su qaz daimidir !!!
Bu qiymete Alternativ yoxdur!!! Ofisin xidmet haqqi 1 ",31,"8 Noyabr m.
"," NÉ™simi r.
",,,,,,,,,,
2525957,2022-01-18,KÃ¶hnÉ™ tikili,1 / 9,32 mÂ²,1,var,53 000AZN,mÃ¼lkiyyÉ™tÃ§i,"XÉ™tayi rayon mehmandarov kÃ¼Ã§É™si 66 Ã¼nvanda tÉ™mirli 1 otaqlÄ± mÉ™nzil2 otaga duzelub tÉ™cili satÄ±lÄ±r su iÅŸÄ±q qaz daimidir, evde bÉ™zi eÅŸyalar var, evde qeydiyyatda hec kim yoxdu , tÉ™mirden sonra yaÅŸayiÅŸ olmuyub",68,"XÉ™tai r.
"," ÆhmÉ™dli q.
",,,,,,,,,,
2571658,2022-01-18,Yeni tikili,7 / 20,88 mÂ²,2,var,128 000AZN,vasitÉ™Ã§i (agent),"TÆCÄ°LÄ° SATILIR.Æla TÉ™mirlidir, TÉ™mirdÉ™n sonra yaÅŸayÄ±ÅŸ olmayÄ±b, mÉ™nzilin Ã§ox gÃ¶zÉ™l lahiyÉ™si var, XÉ™tai Park Piremum klass yÃ¼ksÉ™k sÉ™viyyÉ™li tikinti ÅŸirkÉ™ti tÉ™rÉ™findÉ™n inÅŸaa edilib, Bina tam hazÄ±rdÄ± suyu, qazÄ±, iÅŸÄ±ÄŸÄ±, suyu daimidir, BinanÄ±n Ã§ox geniÅŸ hÉ™yÉ™ti 5 mÉ™rtÉ™bÉ™li yerÃ¼stÃ¼ parkinki, 3 É™dÉ™d sÃ¼rÉ™tli lifti var, Binada 24 saat mÃ¼hafizÉ™ xidmÉ™ti bÃ¶yÃ¼k supermarket Bravo, fitnes mÉ™rkÉ™zi, uÅŸaq baÄŸÃ§asÄ±, restoran vÉ™ mÃ¼xtÉ™lif xidmÉ™t sahÉ™lÉ™ri fÉ™aliyyÉ™t gÃ¶stÉ™rÉ™cÉ™k, Menzilin Ã§Ä±xarÄ±ÅŸÄ± var.",28,"XÉ™tai r.
"," ÆhmÉ™dli q.
",,,,,,,,,,
2571657,2022-01-18,KÃ¶hnÉ™ tikili,8 / 9,70 mÂ²,2,var,110 000AZN,vasitÉ™Ã§i (agent),ĞŸĞ  ĞĞ—ĞĞ”Ğ›Ğ«Ğ“ Ğ¾Ğº Ğ‘ĞĞšĞ« Ğ¡ĞĞ“Ğ›ĞĞœĞ›Ğ«Ğ“ ĞœĞ•Ğ ĞšĞ•Ğ—Ğ˜ Ğ¿Ñ€Ğ¾Ğ´Ğ°ÑÑ‚ÑÑ 2Ñ… ĞºĞ¾Ğ¼Ğ½ ĞºĞ²Ğ°Ñ€Ñ‚Ğ¸Ñ€Ğ° ÑĞ¿ĞµÑ† Ğ¿Ñ€Ğ¾ĞµĞºÑ‚ ĞºĞ°Ğ¼ĞµĞ½Ğ½Ñ‹Ğ¹ Ğ´Ğ¾Ğ¼ .Ğ¥Ğ¾Ñ€Ğ¾ÑˆĞ¸ Ñ€ĞµĞ¼Ğ¾Ğ½Ñ‚ Ğ² ÑÑ‚Ğ¸Ğ»Ğµ ĞºĞ»Ğ°ÑÑĞ¸ĞºĞ° Ğ¿Ğ°Ñ€ĞºĞµÑ‚ Ñ†ĞµĞ½Ñ‚ Ğ¾Ñ‚Ğ¾Ğ¿ Ğ²ÑÑ‚Ñ€ ĞºÑƒÑ…Ğ½Ğ°Ñ Ğ¼ĞµĞ±ĞµĞ»ÑŒ Ğ²Ğ°Ğ½Ğ½Ñ‹ Ğ´ÑƒÑˆ ĞºĞ°Ğ±Ğ¸Ğ½Ğ° ĞºĞ¾Ğ¼Ğ½ Ğ¸ Ñ\Ñƒ Ñ€Ğ°Ğ·Ğ´ Ğ»Ğ¸Ñ„Ñ‚ Ğ‘Ğ¾Ğ»ÑŒÑˆĞ¾Ğ¹ Ğ´Ğ²Ğ¾Ñ€ Ñ Ğ´ĞµÑ‚ Ğ¿Ğ»Ğ¾Ñ‰ Ğ¼ĞµÑÑ‚Ğ¾ Ğ´Ğ»Ñ Ğ°\Ğ¼.Ğ ÑĞ´Ğ¾Ğ¼ ÑˆĞºĞ¾Ğ»Ğ° Ğ¸ Ğ´ĞµÑ‚Ñ ÑĞ°Ğ´,46,"ASAN XidmÉ™t â„–1 
"," NeftÃ§i bazasÄ± 
"," Tibb Universiteti 
"," NÉ™rimanov r.
",,,,,,,,
2571656,2022-01-18,Yeni tikili,13 / 17,100 mÂ²,3,var,174 000AZN,vasitÉ™Ã§i (agent),"Ã‡ox TÉ™cili SatÄ±lÄ±r!!! Moderin Ãœslub TÉ™miri !!!! â€œ N.NÉ™rimanov â€œ metrosunun yaxÄ±nlÄ±ÄŸÄ±nda , â€œ AÄŸ evlÉ™r â€œ yaÅŸayÄ±ÅŸ kompleksindÉ™ mÉ™nzil satÄ±lÄ±r . MÉ™nzil 17 mÉ™rtÉ™bÉ™li binanÄ±n 13 cÃ¼ mÉ™rtÉ™bÉ™sindÉ™ yerlÉ™ÅŸir . Full tÉ™mirli mÉ™nzildir . MÉ™tbÉ™x studia proyektidir . 2 gÃ¶zÉ™l mÉ™nzÉ™rÉ™li eyvanÄ± var . Bina tam mÉ™rmÉ™r ilÉ™ Ã¶rtÃ¼lÃ¼b . Parkinq var . MÃ¼qavilÉ™dir . KupÃ§a 1-2 aya verilÉ™cÉ™k Åirketin XimdmÉ™t haqqÄ± 1% tÉ™Ã§kil edir !!!",50,"NÉ™riman NÉ™rimanov m.
"," NÉ™riman NÉ™rimanov parkÄ± 
"," NÉ™rimanov r.
",,,,,,,,,
2571655,2022-01-18,Yeni tikili,8 / 16,101 mÂ²,3,var,238 000AZN,vasitÉ™Ã§i (agent),"ÆRAZÄ° : Yasamal ray., CÉ™fÉ™r CabbarlÄ± kÃ¼Ã§., DELUXE PALACE, Nizami m/s yaxÄ±nlÄ±ÄŸÄ±, Caspian Plaza ilÉ™ Ã¼zbÉ™Ã¼z
SÆNÆD: KupÃ§a ( Ã‡Ä±xarÄ±ÅŸ )
MÆRTÆBÆ: 8/16
OTAQ SAYI: 3 ( dÃ¼zÉ™lmÉ™ )
SAHÆSÄ°: 101
QEYD: BinanÄ±n geniÅŸ hÉ™yÉ™ti. YeraltÄ± parking. Qaz , su, iÅŸÄ±q daimi. MÉ™nzil ÅÉ™hÉ™rÉ™ baxÄ±r. Otaqlar arasÄ±nda arakÉ™smÉ™ yoxdur ona gÃ¶rÉ™ mÉ™nzil rahatlÄ±qla 3 otaÄŸa dÃ¼zÉ™lÉ™ bilir. ",62,"M.HÃ¼seynzadÉ™ parkÄ± 
"," Sevil QazÄ±yeva parkÄ± 
"," Ä°zmir parkÄ± 
"," Nizami m.
"," Yasamal r.
",,,,,,,
2571654,2022-01-18,KÃ¶hnÉ™ tikili,1 / 5,120 mÂ²,3,var,75 000AZN,vasitÉ™Ã§i (agent),"Nesimi Metrosuna 300 metr mesafede  Ideal Teklif!!!! 
5 mertebenin 1 ci mertebesinde 2 otagdan artirma ile 3 otaga duzelen Yaxsi temirli menzil satilir !!! Heyeti var Yay metbexi var 2 Sanuzeli var !!! Metbex 20 kvm dir .  Qiymetde razilasmaq olar !! Ofisin xidmet haqqi 1 % ",60,"NÉ™simi m.
"," BinÉ™qÉ™di r.
"," 6-cÄ± mikrorayon q.
",,,,,,,,,
2571652,2022-01-18,KÃ¶hnÉ™ tikili,3 / 5,60 mÂ²,2,var,135 000AZN,vasitÉ™Ã§i (agent),"S.VurÄŸun kÃ¼Ã§É™si...Park Zorge yaxÄ±nlÄ±ÄŸÄ±nda...
Klassik stalinka...
Orta tÉ™mir,sÉ™ligÉ™li mÉ™nzil....
OTAGLAR AYRIDIR.....
2 BALKONU vÉ™ artÄ±rmag imkanÄ± var....
",355,"Park Zorge 
"," Koala parkÄ± 
"," NÉ™simi bazarÄ± 
"," Dostluq kinoteatrÄ± 
"," Rusiya sÉ™firliyi 
"," NÉ™simi r.
",,,,,,
2571651,2022-01-18,Yeni tikili,4 / 9,70 mÂ²,3,var,114 000AZN,vasitÉ™Ã§i (agent),COX TECILI !!!!!! KOHNE TÄ°KÄ°LÄ°  DeyerÄ±nden Ucuz !!!!! GenclÄ±k metrosuna pÄ±yada 5 deq mesafede ContÄ±nentlal markete yaxÄ±nlÄ±qda Avtosalonun yanÄ±nda tam temÄ±lÄ± kohne tÄ±kÄ±lÄ± 9 mertebelÄ± bÄ±nada 2-3 e cox gozel sekÄ±lde proyekt olunmus 3 otaqlÄ± menzÄ±l satÄ±lÄ±r bÄ±nada qaz su Ä±sÄ±q daÄ±mÄ±dÄ±r Ä±stÄ±lÄ±k sÄ±stemÄ± merkezÄ±dÄ±r yaxÄ±nlÄ±qda metro GenclÄ±k MALL mekteb Odlar Yurdu UnÄ±versÄ±tetÄ± yerlesrÄ± menzÄ±l skvaznoydur hem yola koroglu rehÄ±mova baxÄ±r hemdekÄ± heyete bÄ±nanÄ±n genÄ±s cox boyuk heyetÄ± var xÄ±dmet haqqÄ± 1%,45,"AzÉ™rbaycan turizm institutu 
"," Respublika stadionu 
"," GÉ™nclik m.
"," NÉ™rimanov r.
",,,,,,,,
2571649,2022-01-18,KÃ¶hnÉ™ tikili,2 / 9,65 mÂ²,2,var,113 000AZN,vasitÉ™Ã§i (agent),Ğ¯ĞĞ”Ğ–Ğ›Ğ˜Ğš Ğ¿Ğ¾ Ğ¿Ñ€ ĞĞ¢ĞĞ¢Ğ£Ğ ĞšĞ Ğ¿Ñ€Ğ¾Ğ´Ğ°ÑÑ‚ÑÑ 2Ñ… ĞºĞ¾Ğ¼Ğ½Ğ°Ñ‚Ğ½Ğ°Ñ ĞºĞ²Ğ°Ñ€Ñ‚Ğ¸Ñ€Ğ° ÑĞºÑ Ğ¿Ñ€Ğ¾ĞµĞºÑ‚ ĞºĞ°Ğ¼ĞµĞ½Ğ½Ñ‹Ğ¹ Ğ´Ğ¾Ğ¼ Ğ¡ÑƒĞ¿ĞµÑ€ Ñ€ĞµĞ¼Ğ¾Ğ½Ñ‚ Ğ² ÑÑ‚Ğ¸Ğ»Ğµ ĞºĞ»Ğ°ÑÑĞ¸ĞºĞ° Ğ¿Ğ°Ñ€ĞºĞµÑ‚ Ğ²ÑÑ‚Ñ€ ĞºÑƒÑ…Ğ½Ğ°Ñ Ğ¼ĞµĞ±ĞµĞ»ÑŒ Ğ²Ğ°Ğ½Ğ½Ñ‹ Ğ´ÑƒÑˆ ĞºĞ°Ğ±Ğ¸Ğ½Ğ° ĞºĞ¾Ğ¼Ğ½ Ğ¸ Ñ\Ñƒ Ñ€Ğ°Ğ·Ğ´ .Ğ‘ĞĞ›Ğ¬Ğ¨ĞĞ™ Ğ´Ğ²Ğ¾Ñ€ Ñ Ğ´ĞµÑ‚Ñ Ğ¿Ğ»Ğ¾Ñ‰ Ğ¼ĞµÑÑ‚Ğ¾ Ğ´Ğ»Ñ Ğ°\Ğ¼ Ñ€ÑĞ´Ğ¾Ğ¼ ÑˆĞºĞ¾Ğ»Ğ° Ğ¸ Ğ´ĞµÑ‚Ñ ÑĞ°Ğ´,52,"GÉ™nclik m.
"," Respublika stadionu 
"," NÉ™rimanov r.
",,,,,,,,,
2571647,2022-01-18,Yeni tikili,6 / 6,80 mÂ²,3,yoxdur,43 000AZN,vasitÉ™Ã§i (agent),"Abseron rayon Masazir qes. Qurtulus 93 yasayis kompleksi.Bina 6 mertebelidir,Menzilde 6 ci mertebesinde yerlesir.Menzil Dubleksdir.Sehercikde mekteb bagca fealiyet gosterir.Su,isiq,merkezlesmis isitilik sistemi daimidir.Qaz'inda xetleri cekilib yaxin vaxtlarda verilecek.",6732,"AbÅŸeron r.
"," MasazÄ±r q.
",,,,,,,,,,
2571644,2022-01-18,Yeni tikili,5 / 17,121 mÂ²,3,var,168 000AZN,vasitÉ™Ã§i (agent),"EKSKLUZÄ°V TÆKLÄ°F,3 OTAQ,KUPÃ‡ALI!!! Yeni YasamalÄ±n giriÅŸindÉ™,Bravo Hipermarket vÉ™ Bizim marketin dÃ¼z yanÄ±nda,Yeni YasamalÄ±n É™n prestijli binalarÄ±ndan biri sayÄ±lan,17 mÉ™rtÉ™bÉ™li yeni tikilinin 5-ci mÉ™rtÉ™bÉ™sindÉ™,sahÉ™si 121 kv olan,3 otaqlÄ± tÉ™mirli mÉ™nzil satÄ±lÄ±r.TÉ™bii qazÄ±,iÅŸÄ±ÄŸÄ± vÉ™ suyu daimidir.MÉ™nzilin tÉ™mirindÉ™ keyfiyyÉ™tli avadanlÄ±qlardan istifadÉ™ olunmuÅŸdur.YerlÉ™r bahalÄ± parket ilÉ™ tÉ™min olunub.BÃ¼tÃ¼n otaqlar iÅŸÄ±q gÃ¶rÃ¼r.MÉ™nzil skvaznoydur.MÉ™nzilin hamam vÉ™ tualeti ayrÄ±dÄ±r.BinanÄ±n avtoparkingi vÉ™ sÃ¼rÉ™tli liftlÉ™ri var.MÉ™nzilin sÉ™nÉ™di isÉ™ KupÃ§adÄ±r! ALICI ÃœÃ‡ÃœN OFÄ°S XÄ°DMÆT HAQQI 1% TÆÅKÄ°L EDÄ°R!!! REAL ALICILAR ÆLAQÆ YARATSIN!!! 

#DaÅŸÄ±nmaz É™mlak ilÉ™ baÄŸlÄ± alqÄ±-satqÄ±,kirayÉ™,ofis,obyekt vÉ™ yaxud satÄ±ÅŸ ilÉ™ baÄŸlÄ± suallarÄ±nÄ±z varsa buyurun zÉ™ng edin!",43,"Yasamal r.
"," Yeni Yasamal q.
",,,,,,,,,,
2571642,2022-01-18,Yeni tikili,5 / 12,115 mÂ²,3,var,148 000AZN,vasitÉ™Ã§i (agent),"TÆCÄ°LÄ°!!!!

Yasamal rayonu, yeni yasamal, 308 saylÄ± orta mÉ™ktÉ™bin yanÄ±nda, Yeni YasamalÄ±n É™n keyfiyyÉ™tli yeni tikililÉ™rindÉ™n biri olan AVÄ°Q MTK-da, 12 mÉ™rtÉ™bÉ™li binanÄ±n 5ci mÉ™rtÉ™bÉ™sindÉ™, Ã¼mumi sahÉ™si 115 kvm olan, 3 otaqlÄ±, É™la tÉ™mirli mÉ™nzil satÄ±lÄ±r. MÉ™nzilin kupÃ§asÄ± var. MÉ™nzildÉ™ qaz, su, iÅŸÄ±q daimidir. MÉ™tbÉ™x, dÉ™hliz vÉ™ hamamda isti dÃ¶ÅŸÉ™mÉ™ var.Eyvana iki otaqdan Ã§Ä±xÄ±ÅŸ var. Koridor geniÅŸ, yataq otaqlarÄ±ndan birindÉ™ ayrÄ±ca qarderob qapÄ±sÄ± olan qarderob otaÄŸÄ± var. BinanÄ±n 24 saat mÃ¼hafizÉ™si var, hÉ™yÉ™t maÅŸÄ±nlar Ã¼Ã§Ã¼n baÄŸlÄ± vÉ™ uÅŸaqlarÄ±n oynamasÄ± Ã¼Ã§Ã¼n tÉ™hlÃ¼kÉ™sizdir. hÉ™yatyanÄ± vÉ™ bina altÄ± dayanacaÄŸÄ± mÃ¶vcuddur. MÉ™nzil bahalÄ± vÉ™ keyfiyyÉ™tli materiallarla tÉ™mir olunub. TÉ™mirdÉ™n sonra mÉ™nzildÉ™ yaÅŸaÅŸyÄ±ÅŸ olmayÄ±b. MÉ™nzil Ä°POTEKAYA YARARLIDIR. MÉ™nzilin ilkin proyekti 2 otaq olub, 3-É™ dÃ¼zÉ™lib. sahÉ™su bÃ¶yÃ¼k olduÄŸu Ã¼Ã§Ã¼n hÉ™r Ã¼Ã§ otaq geniÅŸdir vÉ™ Ã§Ã¶lÉ™ pÉ™ncÉ™rÉ™lÉ™ri var.

ÅÄ°RKÆTÄ°N XÄ°DMÆT HAQQI 1%",71,"Yasamal r.
"," Yeni Yasamal q.
",,,,,,,,,,
2571641,2022-01-18,Yeni tikili,10 / 18,65 mÂ²,2,var,94 500AZN,vasitÉ™Ã§i (agent),"TECILI SATILIR
SUPER TEMIR
IDEAL MENZIL

Xetai rayonu ehmedli qesebesi SHAHAB mtk da 1 otaqdan 2 otaqa duzeldilmish tam temirli menzil satilir sen muqaviledi qazi suyu ishiqi daimidi real aliciya yerinde endirim olacaq elave elumat ucun elaqe saxlayin",50,"XÉ™tai r.
"," ÆhmÉ™dli q.
",,,,,,,,,,
2571639,2022-01-18,KÃ¶hnÉ™ tikili,1 / 5,54 mÂ²,2,var,65 000AZN,vasitÉ™Ã§i (agent),"COOX COX TECILI !Nesimi rayonu 3mkr Memar Ecemi metrosunun Yaxinliginda Ali Mustafayev kucesinde 5/1 mertebesinde
ORTA BLOK ORTA Temirli menzil cox TECILI satilir. Bina cox elverisli yerde yerlesir. Binanin etrafinda mekteb , bagca, supermarket ve diger lazimi infrastruktur var. Qazi, suyu, isigi daimidir. Butun senedler qaydasindadir. Real aliciya ENDIRIM olacaq. Ofis haqqi 1%",74,"Memar ÆcÉ™mi m.
"," 8 Noyabr m.
"," 20 Yanvar m.
"," NÉ™simi r.
"," 3-cÃ¼ mikrorayon q.
",,,,,,,
2571638,2022-01-18,Yeni tikili,11 / 14,63 mÂ²,2,var,88 000AZN,vasitÉ™Ã§i (agent),"Yasamal rayonu,Yeni Yasamal qesebesinde,Palmera restoranin yaxinliqinda 14 mertebeli yenitikili binanin 11ci mertebesinde umumi sahesi 63kv olan 1 otaqdan 2 otaqa duzelme  STUDIO tipli ela temirli menzil satilir.Menzilin senedleri qaydasindadir,qazi,suyu,isiqi daimidir.Etrafli melumat ucun elaqe saxlayin.
Ofis haqqi 1%. 
",64,"Yasamal r.
"," Yeni Yasamal q.
",,,,,,,,,,
2571636,2022-01-18,Yeni tikili,1 / 6,115.5 mÂ²,3,var,155 000AZN,vasitÉ™Ã§i (agent),"DÆYÆRÄ°NDÆN QAT-QAT UCUZA BÃœTÃœN ÆÅYALARI Ä°LÆ MÆNZÄ°L SATILIR !! 
SÉ™bail rayonu BayÄ±l qÉ™sÉ™bÉ™si, Su Ä°dman sarayÄ± ilÉ™ Ã¼zbÉ™Ã¼z yerlÉ™ÅŸÉ™n ""ULUBÆY MMC""-yÉ™ mÉ™xsus yeni tikili 6 mÉ™rtÉ™bÉ™li binanÄ±n 1-ci mÉ™rtÉ™bÉ™sindÉ™ yerlÉ™ÅŸir. 
Tikili sahÉ™si 101 kv.m-dir, É™lavÉ™ olaraq 15 kv.m artÄ±rmasÄ± var. 
Ev 3 otaqdan ibarÉ™tdir vÉ™ yelÃ§É™kÉ™ndir. 
Qaz, su, iÅŸÄ±q daimidir. 
Ä°stilik sistemi hazÄ±r kombidir. 
EvdÉ™ kabel tv, telefon xÉ™tti, 3 kondisioner, domofon sistemi, 2 sanitar qovÅŸaq var. OtaqlarÄ±n hamÄ±sÄ± iÅŸÄ±qlÄ±dÄ±r. 
DÃ¶ÅŸÉ™mÉ™ parketdir. EvdÉ™ Ã§ox qÄ±sa mÃ¼ddÉ™t yaÅŸayÄ±ÅŸ olub. GiriÅŸ qapÄ±sÄ± vÉ™ mebellÉ™r hamÄ±sÄ± dÉ™yÉ™rlidir. SÉ™nÉ™di qeyri-yaÅŸayÄ±ÅŸ Ã¼Ã§Ã¼n KupÃ§adÄ±r (Ã‡Ä±xarÄ±ÅŸ). QiymÉ™ti 155 000 AZN. Qeyd: Bu kompleksdÉ™ tÉ™mirsiz obyektlÉ™rin 1 kv.m - 2 000 AZN-dÉ™n satÄ±lÄ±r.",41,"BayÄ±l parkÄ± 
"," SÉ™bail r.
"," BayÄ±l q.
",,,,,,,,,
2571634,2022-01-18,Yeni tikili,10 / 14,130.5 mÂ²,3,var,280 000AZN,vasitÉ™Ã§i (agent),"Ğ¡Ñ€Ğ¾Ñ‡Ğ½Ğ¾ ! ĞŸÑ€Ğ¾Ğ´Ğ°Ñ 3-Ñ… ĞºĞ¾Ğ¼Ğ½Ğ°Ñ‚Ğ½ÑƒÑ ĞºĞ²Ğ°Ñ€Ñ‚Ğ¸Ñ€Ñƒ, Ñ€ÑĞ´Ğ¾Ğ¼ Ñ ĞœĞµÑ‚Ñ€Ğ¾ 8 Ğ½Ğ¾ÑĞ±Ñ€Ñ Ğ¸ Ğ¢Ğ±Ğ¸Ğ»Ğ¸ÑÑĞºĞ¸Ğ¼ Ğ¿Ñ€Ğ¾ÑĞ¿ĞµĞºÑ‚Ğ¾Ğ¼.
Ğ¡ÑƒĞ¿ĞµÑ€-ĞµĞ²Ñ€Ğ¾ Ñ€ĞµĞ¼Ğ¾Ğ½Ñ‚, Ğ²Ğ¾Ğ´Ğ°, ÑĞ²ĞµÑ‚, Ğ³Ğ°Ğ· Ğ¿Ğ¾ÑÑ‚Ğ¾ÑĞ½Ğ½Ğ¾. Ğ’ ĞºĞ²Ğ°Ñ€Ñ‚Ğ¸Ñ€Ğµ Ğ¸Ğ¼ĞµĞµÑ‚ÑÑ Ğ¾Ñ‚Ğ¾Ğ¿Ğ¸Ñ‚ĞµĞ»ÑŒĞ½Ğ°Ñ ÑĞ¸ÑÑ‚ĞµĞ¼Ğ° ĞºĞ¾Ğ¼Ğ±Ğ¸, Ğ¿Ğ¾Ğ´Ğ·ĞµĞ¼Ğ½Ğ°Ñ Ğ¿Ğ°Ñ€ĞºĞ¾Ğ²ĞºĞ°, Ğ´ĞµÑ‚ÑĞºĞ°Ñ Ğ¿Ğ»Ğ¾Ñ‰Ğ°Ğ´ĞºĞ°, Ğ¾Ñ…Ñ€Ğ°Ğ½ÑĞµĞ¼Ñ‹Ğ¹ Ğ´Ğ²Ğ¾Ñ€. Ğ’ Ğ´Ğ¾Ğ¼Ğµ ÑƒÑÑ‚Ğ°Ğ½Ğ¾Ğ²Ğ»ĞµĞ½ Ğ³ĞµĞ½ĞµÑ€Ğ°Ñ‚Ğ¾Ñ€, Ñ€Ğ°Ğ·Ğ²Ğ¸Ñ‚Ğ°Ñ Ğ¸Ğ½Ñ„Ñ€Ğ°ÑÑ‚Ñ€ÑƒĞºÑ‚ÑƒÑ€Ğ°.
ĞºĞ¾Ğ¼Ğ±Ğ¸ Ğ¸ Ñ‚Ñ€ÑƒĞ±Ñ‹ Ğ´Ğ»Ñ Ñ‚ĞµĞ¿Ğ»Ğ¾Ğ³Ğ¾ Ğ¿Ğ¾Ğ»Ğ° Ğ¸Ñ‚Ğ°Ğ»ÑŒÑĞ½ÑĞºĞ¸Ğ¹
ÑĞ»ĞµĞºÑ‚Ñ€Ğ¸Ñ‡ĞµÑĞºĞ¸Ğµ ĞšĞ°Ğ±ĞµĞ»ÑŒ Ñ‚ÑƒÑ€ĞµÑ†ĞºĞ¾Ğ³Ğ¾ Ğ¿Ñ€Ğ¾Ğ¸Ğ·Ğ²Ğ¾Ğ´ÑÑ‚Ğ²Ğ° Ğ¾Ğ³Ğ½ĞµÑÑ‚Ğ¾Ğ¹ĞºĞ¸Ğ¹ NEXANS
Ñ€Ğ¾Ğ·ĞµÑ‚ĞºĞ¸ Ğ¸ Ğ²Ñ‹ĞºĞ»ÑÑ‡Ğ°Ñ‚ĞµĞ»Ğ¸ Ğ¸Ñ‚Ğ°Ğ»ÑŒÑĞ½ÑĞºĞ¸Ğµ GEWIS
ĞŸĞ»Ğ¸Ñ‚ĞºĞ° Ğ¸ ĞºĞµÑ€Ğ°Ğ¼Ğ¸ĞºĞ° Ğ¸ÑĞ¿Ğ°Ğ½ÑĞºĞ°Ñ
ĞºÑƒÑ…Ğ¾Ğ½Ğ½Ğ°Ñ ÑÑ‚Ğ¾Ğ»ĞµÑˆĞ½Ğ¸Ñ†Ğ° Ğ¸Ğ· Ğ¸Ñ‚Ğ°Ğ»ÑŒÑĞ½ÑĞºĞ¾Ğ³Ğ¾ Ğ¼Ñ€Ğ°Ğ¼Ğ¾Ñ€Ğ° PALISANDRA
Ğ²ÑĞµ Ğ´Ğ²ĞµÑ€Ğ¸ Ğ¸ Ñ„Ğ¸ĞºÑĞ¸Ñ€Ğ¾Ğ²Ğ°Ğ½Ğ½Ğ°Ñ Ğ¼ĞµĞ±ĞµĞ»ÑŒ Ğ¿Ñ€Ğ¾Ğ¸Ğ·Ğ²Ğ¾Ğ´ÑÑ‚Ğ²Ğ° Ğ¢ÑƒÑ€Ñ†Ğ¸Ğ¸ (Ğ’Ñ‹ÑĞ¾Ñ‚Ğ° Ğ´Ğ²ĞµÑ€Ğ¸ 240 ÑĞ¼)
Ğ¾Ğ±Ğ¾Ğ¸ Ğ¸Ñ‚Ğ°Ğ»ÑŒÑĞ½ÑĞºĞ¸Ğ¹
Ğ¿Ğ°Ñ€ĞºĞµÑ‚ ĞµĞ²Ñ€Ğ¾Ğ¿ĞµĞ¹ÑĞºĞ¾Ğ³Ğ¾ Ğ¿Ñ€Ğ¾Ğ¸Ğ·Ğ²Ğ¾Ğ´ÑÑ‚Ğ²Ğ°...",44,"BakÄ± Asiya Universiteti 
"," 8 Noyabr m.
"," Yasamal r.
"," Yasamal q.
",,,,,,,,
2571633,2022-01-18,Yeni tikili,10 / 15,165 mÂ²,3,var,329 000AZN,vasitÉ™Ã§i (agent),"Ã‡ox TÆCÄ°LLÄ° SATILIR!!! NÉ™rimanov rayonunda Yeni tikili 15 mertebeli binanÄ±n 12- ci mertebesinde 3 otaqlÄ± mÉ™nzil yÃ¼ksÉ™k keyfiyyÉ™tli materiallarnan tÉ™mir olunub. Dekorativ boya, parket, lepka, isti pol vÉ™ s. TÉ™mirdÉ™n sonra yaÅŸayÄ±ÅŸ olmayib vÉ™ mÉ™nzil yelÃ§É™kÉ™ndir.MÉ™nzil ipotekaya yararlÄ±dÄ±r. East park yaÅŸayÄ±ÅŸ kompleksindÉ™ yerlÉ™ÅŸir. ÅirkÉ™tin XidemÉ™t haqqÄ± 1% tÉ™ÅŸkil edir !!!
",28,"TÉ™hsil Nazirliyi 
"," ÅÉ™rq bazarÄ± 
"," NÉ™rimanov r.
",,,,,,,,,
2571631,2022-01-18,KÃ¶hnÉ™ tikili,4 / 4,75 mÂ²,4,var,125 000AZN,vasitÉ™Ã§i (agent),"Nerimanov Metrosu, Ismayil Hidayetzade kucesin, Funda Klinikasinin yaninda yerlesen binada menzil satilir. Binanin cox genis heyeti var. 3 otaqdan 4 otaga duzelib. Isdilik sisdemi Kombidir. Diger melumatlar ucun zeng ede bilersiniz",48,"NÉ™riman NÉ™rimanov parkÄ± 
"," NÉ™riman NÉ™rimanov m.
"," NÉ™rimanov r.
",,,,,,,,,
2571629,2022-01-18,Yeni tikili,8 / 27,144.5 mÂ²,3,yoxdur,204 000AZN,vasitÉ™Ã§i (agent),"Vip blok!!!
Bakinin en qeyri adi yasayis komplekslerinden olan
""Grand Heyat"" Yasayis kompleksinde 3-cu BÄ°NA 8/27 144.5 kv Qanuni
3 otaqli menzil satilir. Binada yasayis
var.Qaz,su,isiq,internet xetleri cekilib. Genis balkonu
var.Bina 3 mertebe yeralti garai, 6 eded suretli lift ile temin
olunub.Binanin altinda Bravo market, McDonalds, Megafun
usaq eylence merkezi ve s. yerlesir.",37,"NÉ™simi r.
",,,,,,,,,,,
2571627,2022-01-18,KÃ¶hnÉ™ tikili,2 / 9,65 mÂ²,3,var,110 000AZN,vasitÉ™Ã§i (agent),Ğ“Ğ¯ĞĞ”Ğ–Ğ›Ğ˜Ğš Ğ¿Ñ€ ĞĞ¢ĞĞ¢Ğ£Ğ ĞšĞ Ğ¿Ñ€Ğ¾Ğ´Ğ°ÑÑ‚ÑÑ 3Ñ… ĞºĞ¾Ğ¼Ğ½ ĞºĞ²Ğ°Ñ€Ñ‚Ğ¸Ğ° ĞºĞ°Ğ¼ĞµĞ½Ğ½Ñ‹Ğ¹ Ğ´Ğ¾Ğ¼ ÑĞºÑ Ğ¿Ñ€Ğ¾ĞµĞºÑ‚ .Ğ¥Ğ¾Ñ€Ğ¾ÑˆĞ¸ Ñ€ĞµĞ¼Ğ¾Ğ½Ñ‚ ĞºĞ»Ğ°ÑÑĞ¸ĞºĞ° Ğ¿Ğ°Ñ€ĞºĞµÑ‚ Ğ²ÑÑ‚Ñ€ ĞºÑƒÑ…Ğ½Ğ°Ñ Ğ¼ĞµĞ±ĞµĞ»ÑŒ Ğ²Ğ°Ğ½Ğ½Ñ‹ Ğ´ÑƒÑˆ ĞºĞ°Ğ±Ğ¸Ğ½Ğ° ĞºĞ¾Ğ¼Ğ½ Ğ¸ Ñ\Ñƒ Ñ€Ğ°Ğ·Ğ´ .Ğ‘Ğ¾Ğ»ÑŒÑˆĞ¾Ğ¹ Ğ´Ğ²Ğ¾Ñ€ Ñ Ğ´ĞµÑ‚Ñ Ğ¿Ğ»Ğ¾Ñ‰ Ğ¼ĞµÑÑ‚Ğ¾ Ğ´Ğ»Ñ Ğ°\Ğ¼ Ñ€ÑĞ´Ğ¾Ğ¼ ÑˆĞº Ğ¸ Ğ´ĞµÑ‚Ñ ÑĞ°Ğ´,86,"GÉ™nclik m.
"," Respublika stadionu 
"," NÉ™rimanov r.
",,,,,,,,,
2571621,2022-01-18,Yeni tikili,12 / 16,100 mÂ²,3,var,155 000AZN,vasitÉ™Ã§i (agent),"Æ.SalamzadÉ™ kÃ¼Ã§. Yasamal polis idarÉ™sinin yanÄ±nda. 16/12 - cÄ± mÉ™rtÉ™bÉ™sindÉ™ 100 kv.m. sahÉ™li ,suyu, qazÄ±, Ä±ÅŸÄ±ÄŸÄ± daimi olan 2 otaqdan 3 otaÄŸa dÃ¼zÉ™lmiÅŸ tÉ™mirli mÉ™nzil 155000 AZN - É™ satÄ±lÄ±r.",42,"Yasamal r.
",,,,,,,,,,,
2571620,2022-01-18,Yeni tikili,12 / 18,112 mÂ²,3,var,185 000AZN,vasitÉ™Ã§i (agent),Tecili Neftciler metrosuna yaxin Heyder parkin yaninda 3 otaga duzelme Super temirli menzil satilir  3 otaqdan hec secilmir Temir zamani Keyfiyetli materiallardan istifade olunub etrfda mekteb baxca Butun iawe obyekleri var Elave melumat ucun elaqe saxlayin real aliciya endirim olacaq  Ofis xidmet haqqi 1 %,34,"NeftÃ§ilÉ™r m.
"," Nizami r.
",,,,,,,,,,
2571619,2022-01-18,Yeni tikili,10 / 16,158 mÂ²,3,yoxdur,250 000AZN,vasitÉ™Ã§i (agent),Nesimi polis idaresinin yani Azadliq Palace 10-cu mertebe 3 otaq temirsiz deniz menzereli menzil satilir etrafli zeng edin,44,"BakÄ± Slavyan Universiteti 
"," AzÉ™rbaycan DillÉ™r Universiteti 
"," 28 May m.
"," NÉ™simi r.
",,,,,,,,
2571616,2022-01-18,Yeni tikili,5 / 10,87 mÂ²,2,var,135 000AZN,vasitÉ™Ã§i (agent),Cox tecili ideal variant !!! Koroglu Parkinin Dede Qorqud Parkinin yaninda Qanuni 2 otagli Podmayak menzil satilir !!!! Isiq su qaz daimidir Bina yasayislidir. Kupca var. Ofisin xidmet haqqi 1 % ,58,"NÉ™simi bazarÄ± 
"," Koala parkÄ± 
"," NÉ™rimanov r.
",,,,,,,,,
2571614,2022-01-18,Yeni tikili,12 / 18,136 mÂ²,3,yoxdur,230 000AZN,vasitÉ™Ã§i (agent),"xetai metrosunun yaxinligi yeni tikilinin 12-ci mertebesi 3 otaq temirsiz, demiz menzereli menzil satilir etrafli zeng edin",45,"Åah Ä°smayÄ±l XÉ™tai m.
"," XÉ™tai r.
",,,,,,,,,,
2571613,2022-01-18,Yeni tikili,13 / 14,154 mÂ²,3,var,265 000AZN,vasitÉ™Ã§i (agent),"Tecili Satilir 
Ela Teklif
Kupcali 
Nerimanov rayonu Ehmed bey Agaoglu kucesinde 13 mertebeli binanin 13 cu mertebesinde 
MANSART DEYIL
Seherin merkezinde
radnoy 3 otaqli ela temirli menzil
Menzilin Temirinde yuksek derece keyfiyyetli ve bahali materiallaradan istifade olunub
Ofis Xidmet Haqqi 1%",46,"TÉ™hsil Nazirliyi 
"," NÉ™rimanov r.
",,,,,,,,,,
2571612,2022-01-18,Yeni tikili,10 / 22,200 mÂ²,4,var,360 000AZN,vasitÉ™Ã§i (agent),"Ã‡ox TÉ™cili SatÄ±lÄ±r!!! Æla iymÉ™tÉ™ !!! XÆTAÄ° m. yaxÄ±nlÄ±ÄŸÄ±nda, LEXUS avtosalonunun yanÄ±nda, SAHÄ°L-D MTK-da, 10/22, 192 kv, É™la tÉ™mirli, Ã‡IXARIÅLI mÉ™nzil TÆMÄ°RDÆN SONRA YAÅAYIÅ OLMAYIB !!!Ä°ÅIQ,SU,QAZ vÉ™ KOMBÄ° var. 2 lift Ã§alÄ±ÅŸÄ±r.. ÅirkÉ™tin XidmÉ™t haqqÄ± 1% !!!
",29,"Åah Ä°smayÄ±l XÉ™tai m.
"," XÉ™tai r.
",,,,,,,,,,
2571611,2022-01-18,KÃ¶hnÉ™ tikili,8 / 9,58 mÂ²,2,var,82 000AZN,vasitÉ™Ã§i (agent),"TÆCÄ°LÄ° SATILIR
***MÉ™nzil H.Aslanov m\s na 10 dÉ™qiqÉ™lik mÉ™safÉ™dÉ™ 4 cu kvadratda 9 mÉ™rtÉ™bÉ™li kiev laihÉ™li binanÄ±n 7 ci mÉ™rtÉ™bÉ™sindÉ™ yerlÉ™ÅŸir.MÉ™nzil 3 il olar tÉ™mir olanub ,tÉ™mirdÉ™ yÃ¼ksÉ™k keyfiyyÉ™tli materiallardan istifadÉ™ olunub.MÉ™nzilin cÄ±xarÄ±ÅŸÄ± var ipatekaya tam yararlÄ±dÄ±r.Bina abad mÉ™hllÉ™ tÉ™mir olunub.Bina uzu yeni tÉ™mir olunub,BinaÄ±n hÉ™yÉ™tindÉ™ Ã¼ÅŸaq meydancasÄ±,fudbol meydancasÄ±,idman aletlÉ™ri .BinanÄ±n lifti dÉ™yiÅŸdirilib yeni sensorlu liftlÉ™r quraÅŸdÄ±rÄ±lÄ±b.",41,"XÉ™tai r.
",,,,,,,,,,,
2571609,2022-01-18,Yeni tikili,10 / 18,88 mÂ²,2,var,128 000AZN,vasitÉ™Ã§i (agent),Salam ev É™la vÉ™ziyyÉ™tdÉ™di ikinin Ã¼Ã§É™ pridelkasÄ±dÄ± ipoteka ilÉ™ verilir,47,"Memar ÆcÉ™mi m.
"," NÉ™simi r.
"," 4-cÃ¼ mikrorayon q.
",,,,,,,,,
2571608,2022-01-18,Yeni tikili,2 / 22,96 mÂ²,2,var,135 000AZN,vasitÉ™Ã§i (agent),"TÆCÄ°LÄ°!!!!

Yasamal rayonu, Moskva prospekti, MAÄ°N MTK tÉ™rÉ™findÉ™n inÅŸa edilmiÅŸ, 22 mÉ™rtÉ™bÉ™li yeni tikili binanÄ±n, 2ci mÉ™rtÉ™bÉ™sindÉ™, Ã¼mumi sahÉ™si 96 kvm olan, qanuni 2 otaqlÄ±, É™la tÉ™mirli mÉ™nzil satÄ±lÄ±r. MÉ™nzilin kupÃ§asÄ± var. MÉ™nzildÉ™ qaz, su, iÅŸÄ±q daimidir. MÆnzilin tÉ™mirindÉ™ bahalÄ± vÉ™ keyfiyyÉ™tli materiallardan istifadÉ™ olunub. BinanÄ±n 2 sÃ¼rÉ™tli lifti, avtoparking, geniÅŸ hÉ™yÉ™ti, uÅŸaq meydanÃ§asÄ± vÉ™ 24 saat mÃ¼hafizÉ™ xidmÉ™ti mÃ¶vcuddur.
KompleksdÉ™ Araz supermarket, aptek, uÅŸaq baÄŸÃ§asÄ±, yaxÄ±nlÄ±qda isÉ™ mÉ™ktÉ™b vÉ™ digÉ™r mÃ¼hÃ¼m sosial infrastruktur yerlÉ™ÅŸir. MÉ™nzil istÉ™yÉ™ gÃ¶rÉ™ É™ÅŸyalÄ± da satÄ±la bilÉ™r.

ÅÄ°RKÆTÄ°N XÄ°DMÆT HAQQI 1%",56,"20 Yanvar m.
"," Yasamal r.
"," Yasamal q.
",,,,,,,,,
2571607,2022-01-18,KÃ¶hnÉ™ tikili,5 / 5,100 mÂ²,3,var,200 000AZN,vasitÉ™Ã§i (agent),"Yasamalda,SPACE T/K-nin kecmiÅŸ EzizbÉ™yov heykÉ™lini yaninda STALÄ°N layiheli binada,3-otaq 5/5-ci mertebesindÉ™,É™la temirli menzil satilir.Menzilin artirmasi,genis isiqli otaqlar, praspektÉ™,parka,konservatoriya panaramasi var.Menzil esyali,ve esyasizda satila biler, istilik sistemi merkezidir.Binanin dami cardaqdir...",279,"Space TV 
"," Texniki Universiteti 
"," Yasamal r.
",,,,,,,,,
2566680,2022-01-18,Yeni tikili,5 / 20,135 mÂ²,3,var,317 000AZN,vasitÉ™Ã§i (agent),"MÉ™nzil Almaz Park yaÅŸayÄ±ÅŸ kompleksindÉ™, BinanÄ±n 5-ci mÉ™rtÉ™bÉ™sindÉ™, yaÅŸayÄ±ÅŸÄ±n 3-cÃ¼ mÉ™rtÉ™bÉ™sindÉ™ yerlÉ™ÅŸir.",37,"Yasamal r.
",,,,,,,,,,,
2571605,2022-01-18,KÃ¶hnÉ™ tikili,6 / 9,110 mÂ²,5,var,115 000AZN,vasitÉ™Ã§i (agent),"***TÆCÄ°LÄ° SATILIR***
**MÉ™nzil H,Aslanov m\s na 6- dÉ™qiqÉ™lik mÉ™safÉ™dÉ™ QÉ™dir MÉ™mmÉ™dov kÃ¼Ã§É™sindÉ™ 9 mÉ™rtÉ™bÉ™li kiev laihÉ™li binanÄ±n 6 cÄ± mÉ™rtÉ™bÉ™sindÉ™ yerlÉ™ÅŸir.MÉ™nzil qanuni 5 otaqdan ibarÉ™tdir.MÉ™nzilin cÄ±xarÄ±ÅŸÄ± var ipaterkaya tam yararldÄ±r.",39,"HÉ™zi Aslanov m.
"," XÉ™tai r.
",,,,,,,,,,
2571603,2022-01-18,Yeni tikili,4 / 11,83 mÂ²,3,var,79 000AZN,mÃ¼lkiyyÉ™tÃ§i,"Super tÉ™mirli evdir,tÉ™mirdÉ™n sonra yaÅŸayÄ±ÅŸ olmayÄ±b.Riyad Tm ilÉ™ Ã¼zbÉ™-Ã¼zdÃ¼r.",70,"AbÅŸeron r.
"," MasazÄ±r q.
",,,,,,,,,,
2571602,2022-01-18,Yeni tikili,17 / 17,103 mÂ²,2,yoxdur,150 000AZN,mÃ¼lkiyyÉ™tÃ§i,Azadliq city rezidensin inwa etdiyi cox gozel bir binada 103 kv m (elave olaraq mansard) temirsiz menzil satilir. Menzilde elave olaraq 5 minlik  tikinti materiallari var. Binada 3 suretli lift yeralti qaraj uwaq meydancasi var. Metroya 5 deq mesafededir. Cox gozel dupleks menzil alinir. Real aliciya qiymetde endirim olacaq. ,41,"AzadlÄ±q Prospekti m.
"," BinÉ™qÉ™di r.
"," 8-ci mikrorayon q.
",,,,,,,,,
2516468,2022-01-18,Yeni tikili,5 / 12,53 mÂ²,2,var,116 000AZN,vasitÉ™Ã§i (agent),"Tbilisi pr 2 otaqlÄ± mÉ™nzil 116.000 azn
________________________________________
ğŸ“Œ Æ. V. SalamzadÉ™ kÃ¼Ã§
ğŸ“Œ Tbilisi pr Qafqaz otelin arxasÄ±
ğŸ“Œ 8 Noyabr M. ST yaxÄ±n
ğŸ“Œ MÃ¶htÉ™ÅŸÉ™m Premium Bina
ğŸ“Œ 16/5-53kv.m 2 otaÄŸa dÃ¼zÉ™lmÉ™
ğŸ“Œ SÉ™nÉ™di Qaz KupÃ§a
ğŸ“Œ MÉ™nzil Yeni tÉ™mirdÉ™n Ã§Ä±xÄ±b
ğŸ“Œ MÉ™nzilin olduqca gÃ¶zÉ™l Proyekti var
ğŸ“Œ MÉ™nzildÉ™n ÅÉ™hÉ™rÉ™ gozel mÉ™nzÉ™rÉ™ aÃ§Ä±lÄ±r
ğŸ“Œ BinanÄ±n SÉ™liqÉ™li bÃ¶yÃ¼k hÉ™yÉ™ti, 2 MÉ™rtÉ™bÉ™li YeraltÄ± avtoparkÄ±, SÃ¼rÉ™tli Sigma liftlÉ™ri mÃ¶vcuddur.
________________________________________",42,"BakÄ± Asiya Universiteti 
"," 8 Noyabr m.
"," NÉ™simi r.
",,,,,,,,,
2571601,2022-01-18,Yeni tikili,2 / 14,97 mÂ²,2,var,98 000AZN,mÃ¼lkiyyÉ™tÃ§i, Saray SumqayÄ±tÄ±n giriÅŸi Yeni bina 2sÃ¼rÉ™tli Lifti kamera mÃ¼hafizÉ™ yeraltÄ± yerÃ¼stÃ¼ maÅŸÄ±n dayanacaqÄ± Aftobuslar BakÄ± SumqayÄ±t XÄ±rdalan MasazÄ±r NovxanÄ±ya binanÄ±n qarÅŸÄ±sÄ±ndan keÃ§ir KupÃ§a Var 97kvadrat Radnoy 2otaq Kombi Ä°stipol Kansaner 120kvadratlÄ±q Kuxna mebeli Menbrantdan yÄ±ÄŸÄ±lÄ±b yeni 3il zÉ™manÉ™tlÉ™ Listurlar bahalÄ± Seyf qapÄ± gÃ¶rdÃ¼yÃ¼nÃ¼z É™ÅŸyalar qalÄ±r hamsÄ± yenidir sanitar qovÅŸaqlar ayrÄ± ayrÄ± hal hazÄ±rda 400manata AylÉ™yÉ™ kirayÉ™ verilib Dosta QardaÅŸa QismÉ™t OlasÄ± evdir pul lazÄ±m olduÄŸu Ã¼Ã§Ã¼n satÄ±ram Ev sahibi. ,49,"AbÅŸeron r.
"," Saray q.
",,,,,,,,,,
2521917,2022-01-18,Yeni tikili,14 / 17,178 mÂ²,4,var,300 000AZN,vasitÉ™Ã§i (agent),"Yasamal rayonu MirÉ™li Seyidov kÃ¼Ã§É™sindÉ™ 17/14 -cÃ¼ mÉ™rtÉ™bÉ™sindÉ™ 4 otaqlÄ± 178 kv.m. sahÉ™li KUPÃ‡ALI, tÉ™mirli qazÄ±, suyu, iÅŸÄ±ÄŸÄ± daimi,  gÃ¶zÉ™l ÅŸÉ™hÉ™r vÉ™ dÉ™niz mÉ™nzÉ™rÉ™si olan mÉ™nzil 300000 AZN - É™ satÄ±lÄ±r.",34,"Yasamal bazarÄ± 
"," ASAN XidmÉ™t â„–3 
"," Yasamal r.
",,,,,,,,,
2521903,2022-01-18,Yeni tikili,8 / 16,96 mÂ²,2,yoxdur,149 000AZN,mÃ¼lkiyyÉ™tÃ§i,"Bineqedi rayonu 9-cu mikrorayon,Terlan ve Leyla ÅadlÄ±q SaraylarÄ±nÄ±n yaxÄ±nlÄ±ÄŸÄ±nda,Dominos PizzanÄ±n arxasÄ±nda,Adil Memmedov 41 A Ã¼nvanÄ±nda,Kristal F MTK terefinden inÅŸa olunmuÅŸ 16 mertebeli binanin 8-ci mertebesinde super temirli 96 kvadrat olan menzil satilir.Tek binadir.YaxÄ±nlÄ±ÄŸÄ±nda bÃ¶yÃ¼k super marketler,aptek,restoranlar,tibb merkezleri,Ã¶zel ve dÃ¶vlet baxÃ§alarÄ±,267 nÃ¶mreli mekteb litsey ve s yerleÅŸir.Mikrorayonda sakit,gÃ¶zel yerde yerleÅŸen binadir.Binada Qaz,Su,Ä°ÅŸÄ±q,SÃ¼retli internet,Katv televiziya daimidir.KupÃ§alar yaxÄ±n aylarda verilecek(hazirlanir).Bina 7/24 saat mÃ¼hafize olunur ve 3 eded sÃ¼retli sigma liftleri vardir.
Evin temirinde yÃ¼ksek keyfiyyetli bahalÄ± materiallardan istifade olunub.DÃ¶ÅŸeme parketdir.Metbext ve kolidor bahalÄ± qranitile hazirlanib ve isti pol sistemile Ã§ekilib.Metbextden ve qonaq otaÄŸÄ±ndan balkona qapÄ± var.Kombi kollektr sistemile Ã§ekilib.Temir yenidir.Satmaq Ã¼Ã§Ã¼n temir etmemiÅŸdim,ehtiyaca gÃ¶re tecili satiram.Real Aliciya Endirim olacag.
Ev Åexsi Ã–z Evimdir,Makler Deyilem
XaiÅŸ Edirem Maklerler Åekile GÃ¶re YÄ±ÄŸÄ±b Narahat Etmeyin!!!",49,"BinÉ™qÉ™di r.
"," 9-cu mikrorayon q.
",,,,,,,,,,
2521894,2022-01-18,Yeni tikili,10 / 19,88.4 mÂ²,3,yoxdur,126 000AZN,mÃ¼lkiyyÉ™tÃ§i,"NÉ™simi rayonu, Lider F MTK Golden City yaÅŸayÄ±ÅŸ kompleksi. SemaÅŸko xÉ™stÉ™xanasinin yaxinligi.Yeni tikilmÉ™kdÉ™ olan metronun 100 metrliyinde,10/19 sahesi 88.4 kv. 1 otaqdan 3 otaÄŸa dÃ¼zeldilmiÅŸ menzil satÄ±lÄ±r. BinanÄ±n hÉ™yÉ™ti vÉ™ qarajÄ± var. BinanÄ±n etrafinda bÃ¼tÃ¼n infrastruktur var.TÉ™mirÉ™ baÅŸlamaq olar.",668,"Tibb Universiteti 
"," NÉ™simi r.
",,,,,,,,,,
2571599,2022-01-18,KÃ¶hnÉ™ tikili,4 / 5,112 mÂ²,3,var,200 000AZN,vasitÉ™Ã§i (agent),"SÉ™bail rayonu . Arxitektur bina. GÃ¶zÉ™l ponarama. bulvarÄ±n kÉ™narÄ±nda ,Bayraq MeydanÄ± ilÉ™ Ã¼zbÉ™Ã¼z. 4 mÉ™rtÉ™bÉ™nin 4cÃ¼ mÉ™rtÉ™bÉ™si. YuxarÄ±da mansard var.  3 otaq 112 kv. geniÅŸ mÉ™tbÉ™xi. Pol parket . BÃ¶yÃ¼k balkonu var. ev kirayÉ™ verilib. KUPÃ‡A VAR. Ofisin xidmÉ™t haqqÄ± 1%",26,"SÉ™bail r.
",,,,,,,,,,,
2571597,2022-01-18,KÃ¶hnÉ™ tikili,2 / 5,43 mÂ²,1,var,80 000AZN,mÃ¼lkiyyÉ™tÃ§i,"ĞŸÑ€Ğ¾ÑĞ¿ĞµĞºÑ‚ ĞĞ·Ğ°Ğ´Ğ»Ñ‹Ğ³,AKABE Inhaat Ğ½Ğ°Ğ¿Ñ€Ğ¾Ñ‚Ğ¸Ğ², ÑĞºÑĞ¿ĞµÑ€Ğ¸Ğ¼ĞµĞ½Ñ‚Ğ°Ğ»ÑŒĞ½Ğ¾Ğµ Ğ·Ğ´Ğ°Ğ½Ğ¸Ğµ Ğ±Ğ°Ğ»ĞºĞ¾Ğ½ ÑĞ¼Ğ¾Ñ‚Ñ€Ğ¸Ñ‚ Ğ½Ğ° Ğ¿Ğ°Ñ€Ğº ĞĞ°Ğ´Ğ¶Ğ°Ñ„Ğ° ĞĞ°Ñ€Ğ¸Ğ¼Ğ°Ğ½Ğ¾Ğ²Ğ°,ÑĞµÑ€ĞµĞ´Ğ¸Ğ½Ğ°,ĞµĞ²Ñ€Ğ¾Ñ€ĞµĞ¼Ğ¾Ğ½Ñ‚,Ñ†ĞµĞ½Ñ‚Ñ€.Ğ¾Ñ‚Ğ¾Ğ¿Ğ»ĞµĞ½Ğ¸Ğµ,1 ĞºĞ¾Ğ¼ ĞŸĞµÑ€ĞµĞ´ĞµĞ»Ğ°Ğ½Ğ½Ğ° Ğ² 2Ñ… ĞºĞ¾Ğ¼,Ğ¿Ñ€Ğ¾Ğ´Ğ°Ñ ÑĞ°Ğ¼.",47,"NÉ™rimanov r.
",,,,,,,,,,,
2571596,2022-01-18,Yeni tikili,10 / 19,90 mÂ²,3,yoxdur,125 000AZN,vasitÉ™Ã§i (agent),"TÉ™cili satÄ±lÄ±r!!! Æla tÉ™klif!!! NÉ™simi rayonu, Lider F MTK Golden City yaÅŸayÄ±ÅŸ kompleksi. SemaÅŸko xÉ™stÉ™xanasinin yaxinligi.Yeni tikilmÉ™kdÉ™ olan metronun 100 metrliyinde,10/19 sahesi89kv. 1 otaqdan 3 otaÄŸa dÃ¼zeldilmiÅŸ menzil satÄ±lÄ±r. BinanÄ±n hÉ™yÉ™ti vÉ™ qarajÄ± var. BinanÄ±n etrafinda bÃ¼tÃ¼n infrastruktur var.TÉ™mirÉ™ baÅŸlamaq olar. ÅirkÉ™tin xidmet haqqÄ± 1% tÉ™ÅŸkil edir !!! Ælave mÉ™llumat Ã¼Ã§Ã¼n nzÉ™ng vura bilersiz !!!",50,"Tibb Universiteti 
"," NÉ™simi r.
",,,,,,,,,,
2571590,2022-01-18,KÃ¶hnÉ™ tikili,3 / 5,44 mÂ²,2,var,88 000AZN,mÃ¼lkiyyÉ™tÃ§i,"MÉ™nzil ""ElmlÉ™r AkademiyasÄ±"" metrostansiyasÄ±ndan 5 dÉ™qiqÉ™lik mÉ™safÉ™dÉ™, DÃ¶vlÉ™t Statistika KomitÉ™sinin yanÄ±nda, ""Qorodok"" vÉ™ ""PÉ™ncÉ™rÉ™"" restoranlarÄ±nÄ±n dÃ¼z arxasÄ±ndakÄ± 5 mÉ™rtÉ™bÉ™li daÅŸ binanÄ±n 3-cÃ¼ mÉ™rtÉ™bÉ™sindÉ™ yerlÉ™ÅŸir.MÉ™nzil É™ÅŸyalarla birgÉ™ satÄ±lÄ±r vÉ™ yaÅŸayÄ±ÅŸ Ã¼Ã§Ã¼n hÉ™r bir ÅŸÉ™rait var.Ä°ÅŸÄ±q,qaz,su,internet daimidir.",58,"DÃ¶vlÉ™t Statistika KomitÉ™si 
"," Ä°zmir parkÄ± 
"," M.HÃ¼seynzadÉ™ parkÄ± 
"," Yasamal r.
",,,,,,,,
2571592,2022-01-18,Yeni tikili,7 / 16,87 mÂ²,2,var,150 000AZN,vasitÉ™Ã§i (agent),"â€œHeydÉ™r Æliyev MÉ™rkÉ™ziâ€nin yaxÄ±nlÄ±ÄŸÄ±nda, â€œTÉ™hsil Nazirliyiâ€nin yanÄ±nda, qazlÄ± kupÃ§alÄ±  binada,  sahÉ™si 87 kv.m. olan, É™ÅŸyalarÄ± ilÉ™ birlikdÉ™   2 otaqlÄ±  mÉ™nzil satÄ±lÄ±r. Ä°stilik sistemi kombidir, Ã‡Ä±xarÄ±ÅŸÄ± var.( Ofis haqqÄ± 1 % )",41,"TÉ™hsil Nazirliyi 
"," NÉ™rimanov r.
",,,,,,,,,,
2571588,2022-01-18,Yeni tikili,13 / 17,128 mÂ²,3,var,198 000AZN,vasitÉ™Ã§i (agent),"TÆMÄ°RLÄ° MÆNZÄ°L SATILIR

KUPÃ‡A + Ä°POTEKAYA YARARLI

Yasamal rayonu, QÉ™lÉ™bÉ™ dairesinin yani, Ä°nsaatcilar metrosuna cox yaxin mesafede yerlesen, Yeni tikili 17 mertebelinin 13-cu mertebesinde, Qanuni 3 Otaqli, Umumi sahesi 128 Kvm, olan Yaxsi temirli menzil satilir. Qaz, Ä°siq, Su, daimdir. Binada 24 saat mÃ¼hafize, domofon sistemi, kamera mÃ¼ÅŸahide, 2 sÃ¼rÉ™tli lift vÉ™ qaraj mÃ¶vcuddur. BinanÄ±n yaxÄ±nlÄ±ÄŸÄ±nda uÅŸaq baÄŸÃ§asÄ±, poliklinika, market, mÉ™ktÉ™b, spa vÉ™ fitnes mÉ™rkÉ™zi, zÉ™ruri ictimai iaÅŸÉ™ obyektlÉ™ri, avtobus dayanacaÄŸÄ± var. Bina Ä°nÅŸaatÃ§Ä±lar  metrosuna 5 dÉ™q-lik mÉ™safÉ™dÉ™ yerlÉ™ÅŸir. MÉ™nzilin Ã§Ä±xarÄ±ÅŸÄ± var.
Ofis xidmet haqqÄ± 1%",55,"Ä°nÅŸaatÃ§Ä±lar m.
"," Yasamal r.
",,,,,,,,,,
2571586,2022-01-18,Yeni tikili,7 / 8,44.5 mÂ²,2,yoxdur,48 000AZN,mÃ¼lkiyyÉ™tÃ§i,"Masazir qesebesi Rahat Nefes yashayish kompleksinde ela temirli menzil satilir.Menzil 8 mertebeli binanin 7-ci mertebesinde yerleshir,2 otaga duzeldirib,yuksek seviyyede temir olunub,plastikle tutulu balkonu var,Bina qaz,su,ishiq,liftle temin olunub.Menzilde keyfiyyetli haman aksesuarlari,metbext mebeli,kombi istilik sistemi,ehtiyar su ceni,koridor,sanitar qovshaqi isti polla tehciz olunub.",54,"AbÅŸeron r.
"," MasazÄ±r q.
",,,,,,,,,,
2571585,2022-01-18,Yeni tikili,10 / 17,80 mÂ²,2,var,145 000AZN,vasitÉ™Ã§i (agent),"TÆCÄ°LÄ°!!!!

BinÉ™qÉ™di rayonu, AzadlÄ±q prospekti, AzadlÄ±q m/s dÃ¼z Ã§Ä±xÄ±ÅŸÄ±nda, KRÄ°STAL ABÅERON tÉ™rÉ™findÉ™n inÅŸa edilmiÅŸ, 17 mÉ™rtÉ™bÉ™li binanÄ±n, 10cu mÉ™rtÉ™bÉ™sindÉ™, Ã¼mumi sahÉ™si 80 kvm olan, qanuni 2 otaqlÄ±, É™la tÉ™mirli vÉ™ É™ÅŸyalÄ± mÉ™nzil satÄ±lÄ±r. MÉ™nzildÉ™ qaz, su, iÅŸÄ±q daimidir. MÉ™nzildÉ™ tÉ™mirdÉ™n sonra yaÅŸayÄ±ÅŸ olmayÄ±b. MÉ™nzilin istilik sistemi kombidir. ÆtraflÄ± mÉ™lumat Ã¼Ã§Ã¼n É™laqÉ™ saxlaya bilÉ™rsiniz. 

ÅÄ°RKÆTÄ°N XÄ°DMÆT HAQQI 1%",56,"AzadlÄ±q Prospekti m.
"," BinÉ™qÉ™di r.
"," 8-ci mikrorayon q.
",,,,,,,,,
2571583,2022-01-18,Yeni tikili,11 / 17,55 mÂ²,2,var,128 000AZN,vasitÉ™Ã§i (agent),"TECILI !!!!! QAZ+KUPCALI    RESIDENSDE MTK Ä±potekaya yararlÄ± menzÄ±l satÄ±lÄ±r Hesen ElÄ±yev kucesÄ±nde Ege HospÄ±talÄ±n arxasÄ±nda 1-2 e cox gozel sekÄ±lde proyekt olunmus yenÄ± temÄ±r olunmus ve temÄ±rden sonra yasayaÄ±s olmamÄ±s 2 otaqlÄ± menzÄ±l satÄ±lÄ±r bÄ±nada qaz su Ä±sÄ±q daÄ±mÄ±dÄ±r Ä±stÄ±lÄ±k sÄ±stemÄ± kombÄ±dÄ±r yaxÄ±nlÄ±qda meketeb bagca supermarketler fealÄ±yyet gosterÄ±r xÄ±dmet haqqÄ± 1%
",39,"ASAN XidmÉ™t â„–1 
"," NeftÃ§i bazasÄ± 
"," NÉ™rimanov r.
",,,,,,,,,
2571582,2022-01-18,KÃ¶hnÉ™ tikili,5 / 9,70 mÂ²,3,var,123 000AZN,vasitÉ™Ã§i (agent),"Ã‡OX `TÆCÄ°LÄ° !!!
5-ci mÉ™rtÉ™bÉ™ 
 Orta blokda yerlÉ™ÅŸir. 
 MÉ™nzildÉ™ su, iÅŸÄ±q, qaz fasilÉ™sizdir. 
 Kombi var. 
 SÉ™nÉ™di Ã§Ä±xarÄ±ÅŸdÄ± (kupÃ§a). 
 Binada mÉ™rkÉ™zi istilik sistemidÉ™ mÃ¶vcuddur. DÃ¶ÅŸÉ™mÉ™si parketdir. 
 MÉ™nzilin otaqlarÄ± yelÃ§É™kÉ™ndir (skvoznoy). 
 ÆlavÉ™ olaraq mÉ™nzildÉ™ internet (optik kabel), telefon, kondisioner vÉ™ domofon sistemi var. SÉ™nÉ™di Ã§Ä±xarÄ±ÅŸdÄ± (kupÃ§a).
Ä°POTEKAYA YARARLI ",44,"ZÉ™rifÉ™ Æliyeva adÄ±na park 
"," Memar ÆcÉ™mi m.
"," BinÉ™qÉ™di r.
",,,,,,,,,
2571581,2022-01-18,Yeni tikili,3 / 17,70 mÂ²,2,var,134 000AZN,vasitÉ™Ã§i (agent),Cox ideal Temirli menzil. Heyder Eliyev Merkezinin tam yaninda 1 otagdan 2 otaga duzelme Umumi sahesi 70 kvm olan menzil satlir !!!! Isiq su qaz daimidir . Kupca var Ipotekaya yararlidir !!! Alib icareye vermek olar(700 Azn) Ofisin xidmet haqqi 1 % ,60,"RÉ™ssamlÄ±q AkademiyasÄ± 
"," NÉ™rimanov r.
",,,,,,,,,,
2571576,2022-01-18,KÃ¶hnÉ™ tikili,5 / 5,55 mÂ²,2,var,71 000AZN,vasitÉ™Ã§i (agent),"TECILI !!! Bineqedi rayonu , 7-ci mkr Ankara sadliq sarayi ( Bravo marketin ) yaxinligi 244 nomreli mektebin yaninda 5 mertebeli binanin 5-ci mertebesinde yaxwi temirli menzil satilir . su , isiq, qaz daimidir . Shirketin xidmet haqqi 1 % .",49,"BinÉ™qÉ™di r.
"," 7-ci mikrorayon q.
",,,,,,,,,,
2571578,2022-01-18,Yeni tikili,14 / 19,65 mÂ²,2,var,118 000AZN,vasitÉ™Ã§i (agent),"IPOTEKAYA YARARLI KUPÃ‡ALI MÆNZIL TÆCILI SATILIR !Yasamal rayonu, TBILISI prospektindÉ™, EUROPE otel ilÉ™ Ã¼zbÉ™-Ã¼z Elit, YaÅŸayiÅŸ kompleksindÉ™ , yeni tikili 19 mÉ™rtÉ™bÉ™li binanÄ±n 14-cÃ¼ mÉ™rtÉ™bÉ™sindÉ™, Ã¼mumi sahÉ™si 65 kv/m olan 2 otaqlÄ±(1otaqdÉ™n 2-yÉ™ dÃ¼zÉ™lmÉ™) yaxÅŸÄ± tÉ™mirli studiya mÉ™nzil É™ÅŸyalarÄ± ilÉ™ birlikdÉ™ satÄ±lÄ±r.Qaz,su,iÅŸÄ±q daimdir.Ä°stilik sistemi Kombidir.MÉ™nzil hal hazÄ±rda 450 azn-É™ icarÉ™dÉ™dir.BinanÄ±n mÃ¼hafizÉ™li hÉ™yÉ™ti, uÅŸaq meydanÃ§asi, 2 mÉ™rtÉ™bÉ™li yeraltÄ± qarajÄ± vÉ™ maÅŸÄ±n saxlamaq Ã¼Ã§Ã¼n yer, 2 É™dÉ™d lifti, mÉ™rmÉ™r bloklar.YaxÅŸÄ± inkiÅŸaf etmiÅŸ infrastrukturu, mÉ™ktÉ™b, uÅŸaq baÄŸÃ§asÄ±, supermarketlÉ™r.MÉ™rkÉ™zÉ™ yaxÄ±n.YaxÄ±nlÄ±ÄŸÄ±nda avtobus dayanacaÄŸÄ± var.ÆlavÉ™ mÉ™lumat Ã¼Ã§Ã¼n buyurub É™laqÉ™ saxlaya bilÉ™rsiniz.XidmÉ™t haqqÄ± 1% tÉ™ÅŸkil edir.
QiymÉ™t 118.000 manat.",38,"Ä°dman kompleksi 
"," Ä°zmir parkÄ± 
"," Yasamal r.
",,,,,,,,,
2571572,2022-01-18,Yeni tikili,4 / 17,57 mÂ²,2,var,93 000AZN,vasitÉ™Ã§i (agent),"Menzil bezi esyalarla birge satilir!!!!
Bineqedi rayonu, 7ci mikrorayon, Ferman Melikov kucesi, Bravo market ile uzbeuz, Piramida yashayis kompleksi terefinden insa edilmis, 16 mertebeli binanin 4cu mertebesinde, umumi sahesi 57 kvm olan 1otaqdan 2otaga duzeldilmis menzil satilir, su, qaz, isiq daimidir, kupca var, lift var, avtoparking var, BinanÄ±n yaxÄ±nlÄ±ÄŸÄ±nda Orta MÉ™ktÉ™b,UÅŸaq BaÄŸÃ§asÄ±,Park,Poliklinika vÉ™ TicarÉ™t MÉ™rkÉ™zlÉ™ri yerlÉ™ÅŸir
Sirket xidmet haqqi 1%",42,"BinÉ™qÉ™di r.
"," 7-ci mikrorayon q.
",,,,,,,,,,
2571571,2022-01-18,Yeni tikili,5 / 14,108 mÂ²,2,var,175 000AZN,vasitÉ™Ã§i (agent),"TÉ™briz kÃ¼Ã§É™sindÉ™, â€œÅuÅŸaâ€ restoranÄ±nÄ±n,  177 saylÄ± mÉ™ktÉ™bin vÉ™ â€œÅÉ™rq Bazarâ€nÄ±n yanÄ±nda. â€œPilot LayihÉ™â€ Ã§É™rÃ§ivÉ™sindÉ™ inÅŸa edilmiÅŸ yenitikili binada,  sahÉ™si 108 kv.m. olan, tÉ™mirli 2 otaqlÄ±  mÉ™nzil satÄ±lÄ±r. Ä°stilik sistemi kombi, Ã‡Ä±xarÄ±ÅŸÄ± var. ( Ofis haqqÄ± 1%. )",33,"ÅÉ™rq bazarÄ± 
"," NÉ™rimanov r.
",,,,,,,,,,
2571563,2022-01-18,Yeni tikili,10 / 19,70 mÂ²,2,var,96 000AZN,vasitÉ™Ã§i (agent),"TÉ™cili satÄ±lÄ±r!!! Æla tÉ™klif!!! NÉ™simi rayonu, Lider F MTK Golden City yaÅŸayÄ±ÅŸ kompleksi. SemaÅŸko xÉ™stÉ™xanasinin yaxinligi.Yeni tikilmÉ™kdÉ™ olan metronun 100 metrliyinde,10/19 sahesi 67 kv. 1 otaqdan 2 otaÄŸa dÃ¼zeldilmiÅŸ menzil satÄ±lÄ±r. BinanÄ±n hÉ™yÉ™ti vÉ™ qarajÄ± var. BinanÄ±n etrafinda bÃ¼tÃ¼n infrastruktur var.TÉ™mirÉ™ baÅŸlamaq olar. ÅirkÉ™tin xidmet haqqÄ± 1% tÉ™ÅŸkil edir !!! Ælave mÉ™llumat Ã¼Ã§Ã¼n nzÉ™ng vura bilersiz !!!",65,"Tibb Universiteti 
"," Ä°dman kompleksi 
"," NÉ™simi r.
",,,,,,,,,
2571567,2022-01-18,KÃ¶hnÉ™ tikili,5 / 5,44 mÂ²,2,var,75 000AZN,vasitÉ™Ã§i (agent),"Nesimi  rayonuâ€¦Memar Ecemi metrosu yaxinliginda â€¦20 yanvar  kucesinde insa edilan 5  mertebeli  kohne binanin 5 ci mertebesinde 2 otaq  genis 44 kv-liq, isiqli, genis ,hundur,menzilimiz satisa cixarilibâ€¦Menzil  temirli seliqeli evdirâ€¦â€¦Menzil esyalida satila bilerâ€¦.Bina 24 saat qaz ,isiq,su,kombi sistemi ile techiz olunubâ€¦â€¦Yerlesdiyi yer cox elverisli Marsurut ,Metro yani  buda komfortlu gedis demakdirâ€¦Menzilin senedi  CIXARISDIR  yani KUPCAâ€¦..Elave melumat ucun vatcap ve zangimiz aktivdir.",45,"Memar ÆcÉ™mi m.
"," NÉ™simi r.
",,,,,,,,,,
2571566,2022-01-18,Yeni tikili,8 / 14,77 mÂ²,2,yoxdur,110 000AZN,vasitÉ™Ã§i (agent),Nerimanov rayonu Ebdulezel Demircizade ve Eliesref Elizade kucelerinin kesishmesinde  yeni tikili 14 mertebeli binanin 8-ci mertebesinde umumi sahesi 77 kvadrat olan 2 otaqli temirsiz menzil satilir. Binanin 2 suretli lifti. genish heyeti. yaxinliginda mekteb. baxca. avtobus dayanacagi ve s. var. Elave melumat ucun zeng ede bilersiniz.,53,"TÉ™hsil Nazirliyi 
"," NÉ™rimanov r.
",,,,,,,,,,
2571562,2022-01-18,Yeni tikili,6 / 16,56 mÂ²,2,yoxdur,107 000AZN,vasitÉ™Ã§i (agent),"28 may metrosundan 5 deqiqe piyada araliqda, Amerika Sefiyliyinin tam yaninda 16/6 56kv 1 otagdan 2 otaga peredelka olunmus temirli menzil satilir.Menzilde temirden sonra yasayis olmayib.Qaz,su,isiq daimidir.
Sirket haqqi-1%",43,"Neft AkademiyasÄ± 
"," 28 May m.
"," BakÄ± Musiqi AkademiyasÄ± 
"," Milli Konservatoriya 
"," NÉ™simi r.
",,,,,,,
2571561,2022-01-18,Yeni tikili,4 / 16,60 mÂ²,2,var,80 000AZN,vasitÉ™Ã§i (agent),Kupcali Mayak menzil Hezi Aslanov metrosu 16 mertebenin 4 cu mertebesi 1 otaqli 2-otaga duzelmesi olan sahesi 60 kv metr olan kupcali menzil 80000 AZN satilir ofis haqqi 1 faiz edir ,53,"HÉ™zi Aslanov m.
"," Ukrayna dairÉ™si 
"," XÉ™tai r.
",,,,,,,,,
2547552,2022-01-18,Yeni tikili,2 / 22,96 mÂ²,2,yoxdur,135 000AZN,vasitÉ™Ã§i (agent),"Moskva prospektindÉ™ 20 Yanvar metrosundan  yuxarÄ±da yerlÉ™ÅŸÉ™n MAÄ°N yaÅŸayÄ±ÅŸ  kompleksindÉ™ 22 mÉ™rtÉ™bÉ™li binanÄ±n 2 ci mÉ™rtÉ™bÉ™sindÉ™ 2 otaqlÄ± 96 kv mÉ™nzil  satÄ±lÄ±r. MÉ™nzil É™ÅŸyalarÄ± ilÉ™ birlikdÉ™ satila bilÉ™r. BinanÄ±n qaz, su,iÅŸÄ±q tÉ™minatÄ± daimidir. TÉ™mirindÉ™keyfiyyÉ™tli inÅŸaat materiallarÄ±ndan istifadÉ™ olunub. BinanÄ±n 3 lifti var. Real alÄ±clarnan qiymÉ™tindÉ™ razÄ±laÅŸmaq mÃ¼mkÃ¼ndÃ¼r.. ofisin xidmÉ™t haqqÄ± 1%",45,"Yasamal r.
",,,,,,,,,,,
2571559,2022-01-18,Yeni tikili,2 / 19,70 mÂ²,2,var,98 000AZN,vasitÉ™Ã§i (agent),"Yeni Yasamal qÉ™sÉ™bÉ™sindÉ™ BRAVO super marketlÉ™ Ã¼z Ã¼zÉ™ 19 mÉ™rtÉ™bÉ™li binanÄ±n 2 ci mÉ™rtÉ™bÉ™sindÉ™ 2 otaqlÄ± 70 kv mÉ™nzil satÄ±lÄ±r. BinanÄ±n qarÅŸÄ±sÄ±ndan Ä°nÅŸaatÃ§Ä±lar metrosuna 6-7 dÉ™qiqÉ™lik mÉ™safÉ™ var. MÉ™nzilin qaz,su,iÅŸÄ±q tÉ™minatÄ± daimidir.BaxÄ±ÅŸÄ± hÉ™yÉ™tÉ™dir. Balkonu var. BinanÄ±n 2 sÃ¼rÉ™tli lifti , 2 mÉ™rtÉ™bÉ™li qarajÄ± var. Real alÄ±clarla qiymÉ™tindÉ™ razÄ±laÅŸmaq mÃ¼mkÃ¼ndÃ¼r. Ofisin xidmÉ™t haqqÄ± 1%",48,"Yasamal r.
"," Yeni Yasamal q.
",,,,,,,,,,
2571558,2022-01-18,Yeni tikili,12 / 12,57 mÂ²,2,var,90 000AZN,vasitÉ™Ã§i (agent),"Yeni Yasamal qÉ™sÉ™bÉ™sindÉ™ VÄ°TAL klinikasinin yaxÄ±nlÄ±ÄŸÄ±nda 12 mÉ™rtÉ™bÉ™li binanÄ±n 12 ci mÉ™rtÉ™bÉ™sindÉ™ 57 kv 1 otaqdan 2 otaqa dÃ¼zÉ™lmiÅŸ , mÉ™nzil É™ÅŸylarÄ± ilÉ™ birlikdÉ™ satÄ±lÄ±r. MÉ™nzil MANSART DEYÄ°L .  MÉ™nzilin qaz,su,iÅŸÄ±q tÉ™minatÄ± daimidir.BÃ¼tÃ¼n otaqlarÄ±na gÃ¼n iÅŸÄ±qÄ± dÃ¼ÅŸÃ¼r , bÃ¼tÃ¼n otaqlarÄ±n pÉ™ncÉ™rÉ™si var. GeniÅŸ evdir. Real alÄ±cÄ±lar zÉ™ng vura bilÉ™rlÉ™r. Ofisin xidmÉ™t haqqÄ± 1%",83,"Yasamal r.
"," Yeni Yasamal q.
",,,,,,,,,,
2571556,2022-01-18,Yeni tikili,6 / 6,75.4 mÂ²,2,yoxdur,34 000AZN,mÃ¼lkiyyÉ™tÃ§i,"TÉ™cili satÄ±ldÄ±ÄŸÄ± Ã¼Ã§Ã¼n bu qiymÉ™tÉ™ qoyulub. MÉ™nzilin bÉ™zi xÉ™rclÉ™ri var hÉ™r biri alan ÅŸÉ™xs tÉ™rÉ™fdÉ™n Ã¶dÉ™nilÉ™cÉ™k(Qaz sayÄŸacÄ±,aformut vÉ™ kommunal borc)  mÉ™nzil geniÅŸdir, É™sas yolun Ã¼stÃ¼dÃ¼r, hÉ™yÉ™tindÉ™ geniÅŸ parking var. Endirim yoxdur , barter yalnÄ±z sprinterlÉ™ olar..ÆlavÉ™ mÉ™lumat Ã¼Ã§Ã¼n zÉ™ng edin.",94,"XÄ±rdalan
",,,,,,,,,,,
2571555,2022-01-18,Yeni tikili,13 / 16,88 mÂ²,2,var,165 000AZN,vasitÉ™Ã§i (agent),"MÉ™nzil NÉ™simin bazarÄ±nÄ±n yaxÄ±nlÄ±ÄŸÄ±nda, MirqasÄ±mov kÃ¼Ã§É™sindÉ™ yerlÉ™ÅŸÉ™n
16 mÉ™rtÉ™bÉ™li bininanÄ±n 13-cÃ¼ mÉ™rtÉ™bÉ™sindÉ™
2 otaqlÄ± mÉ™nzil satÄ±lÄ±r.
MÉ™nzil tam tÉ™mirlidir. DÃ¶ÅŸÉ™mÉ™si parketdir.
GeniÅŸ vÉ™ iÅŸÄ±qlÄ± otaqlar.
QuraÅŸdÄ±rÄ±lmÄ±ÅŸ mÉ™tbÉ™x mebeli, kombi sistemi, geniÅŸ eyvanÄ±, duÅŸ-kabinasÄ± vÉ™ s var.
BinanÄ±n sÃ¼rÉ™tli liftlÉ™ri, mÃ¼hafizÉ™ olunan hÉ™yÉ™ti s var.MÉ™nzil Ã‡Ä±xarÅŸlÄ±dÄ±r",31,"NÉ™simi bazarÄ± 
"," NÉ™simi r.
",,,,,,,,,,
2571554,2022-01-18,Yeni tikili,14 / 21,75 mÂ²,2,var,98 000AZN,vasitÉ™Ã§i (agent),"Yasamal rayonu,  77 nomreli marsrutun son dayanacaginda, 21 mertebeli binanin 14cu mertebesinde sahesi 73kv olan Qanuni 2 otaqli, ela temirli ve ESYALI menzil satilir. Menzilin senedleri qaydasindadir. Qaz, su, isiq daimidir. Etrafli melumat ucun elaqe saxlayin. 
Ofis haqqi  1%.
",66,"Yasamal r.
"," Yeni Yasamal q.
",,,,,,,,,,
2571552,2022-01-18,Yeni tikili,8 / 19,58 mÂ²,2,yoxdur,116 000AZN,vasitÉ™Ã§i (agent),"28 may metrosunun cixisinda Tesla parkinin tam ustunde 19/8 59kv 1 otagdan 2 otaga peredelka menzil satilir.Bina 28 MALL  20 saniye mesafede yerlesir.Yerlesme yeri cox idealdir.
Sirket haqqi-1%",57,"28 May m.
"," Neft AkademiyasÄ± 
"," BakÄ± Musiqi AkademiyasÄ± 
"," BakÄ± Slavyan Universiteti 
"," NÉ™simi r.
",,,,,,,
2571551,2022-01-18,Yeni tikili,9 / 18,181 mÂ²,4,yoxdur,315 000AZN,vasitÉ™Ã§i (agent),"XÉ™tai 4 otaqlÄ± mÉ™nzil + Qaraj 315.000 azn
______________
ğŸ“Œ Sabit Orucov kÃ¼Ã§
ğŸ“Œ QadÄ±n TÉ™cridxanasÄ±nÄ±n yanÄ±
ğŸ“Œ QazlÄ± Premium Bina
ğŸ“Œ 9/19-181 kv 4 otaqlÄ±+ Qarac
ğŸ“Œ Proyekt YarÄ± Skvaznoy
ğŸ“Œ Otaqlar GeniÅŸ vÉ™ Ä°ÅŸÄ±qlÄ±dÄ±r
ğŸ“Œ MÉ™nzildÉ™n DÉ™nizÉ™ BirbaÅŸa Ponarama
ğŸ“Œ BinanÄ±n SÉ™liqÉ™li hÉ™yÉ™ti YeraltÄ± avtoparkÄ± SÃ¼rÉ™tli Sigma liftlÉ™ri mÃ¶vcuddur
ğŸ“Œ XidmÉ™t haqqÄ± 1% tÉ™ÅŸkil edir
______________",41,"Åah Ä°smayÄ±l XÉ™tai m.
"," XÉ™tai r.
",,,,,,,,,,
2571550,2022-01-18,Yeni tikili,10 / 17,151 mÂ²,3,var,190 000AZN,vasitÉ™Ã§i (agent),EHMEDLI METROSUNUN YANINDA yerlesen 17 mertebeli binanin 10 ci mertebesinde 3 otaqli 151 kv m olani KUPCALI MENZIL SATILIR,48,"ÆhmÉ™dli m.
"," XÉ™tai r.
",,,,,,,,,,
2571548,2022-01-18,KÃ¶hnÉ™ tikili,2 / 5,67 mÂ²,2,var,130 000AZN,vasitÉ™Ã§i (agent),"Metro NÉ™rimanovun vÉ™ NÉ™rimanov parkÄ±nÄ±n dÃ¼z yanÄ±nda, pristijli binada â€œstalinâ€ layihÉ™li,  sahÉ™si 67 kv.m. olan,  É™ÅŸyalarÄ± ilÉ™ birlikdÉ™ 2 otaqlÄ± mÉ™nzil satÄ±lÄ±r. MÉ™nzilin istilik sistemi mÉ™rkÉ™zidir vÉ™  Ã‡Ä±xarÄ±ÅŸÄ± var. ( Ofis haqqÄ± 1% )",49,"NÉ™riman NÉ™rimanov m.
"," NÉ™riman NÉ™rimanov parkÄ± 
"," NÉ™rimanov r.
",,,,,,,,,
2571549,2022-01-18,KÃ¶hnÉ™ tikili,2 / 4,80 mÂ²,3,var,155 000AZN,mÃ¼lkiyyÉ™tÃ§i,Iceri seher metrosu axundov baginin yaninda 4 mÉ™rtÉ™bÉ™li binanÄ±n 2 ci mÉ™rtÉ™bÉ™si 3 otaq 80m.OtaqlarÄ±n hÃ¼ndÃ¼rlÃ¼yÃ¼ 4.20m.sÉ™nÉ™d kupÃ§a qiymÉ™t 155000 m.Real alÄ±cÄ± É™laqÉ™ saxlasÄ±n,49,"Axundov baÄŸÄ± 
"," Ä°qsadiyyat Universiteti 
"," DÃ¶vlÉ™t Ä°darÉ™Ã§ilik AkademiyasÄ± 
"," Ä°Ã§É™ri ÅÉ™hÉ™r m.
"," M.Æ.Sabir parkÄ± 
"," Qubernator parkÄ± 
"," Prezident parkÄ± 
"," Sovetski 
"," MÉ™rkÉ™zi Univermaq 
"," NÉ™rimanov heykÉ™li 
"," SÉ™bail r.
"," BayÄ±l q.
"
2571546,2022-01-18,Yeni tikili,13 / 19,107 mÂ²,3,var,160 000AZN,vasitÉ™Ã§i (agent),"- Tam ÆÅŸyalÄ± vÉ™ Super TÉ™mirli MÉ™nzil!
- Ãœnvan: Yeni Yasamal Bravo Supermarket vÉ™ Bizim market ilÉ™ Ã¼zbÉ™Ã¼z.
- SahÉ™: 107 mÂ²
- Otaq sayÄ±: 3
- MÉ™rtÉ™bÉ™: 19 mÉ™rtÉ™bÉ™linin 13-cÃ¼ mÉ™rtÉ™bÉ™si
- SÉ™nÉ™d: Ã‡Ä±xarÄ±ÅŸ (KupÃ§a)
- MÉ™nzil Super TÉ™mirlidir. Tam yaÅŸayÄ±ÅŸlÄ± binadÄ±r. Qaz, Su, Ä°ÅŸÄ±q daimidir. DÃ¶ÅŸÉ™mÉ™ parketdir. 2 Sanuzel. BÃ¼tÃ¼n É™ÅŸyalarÄ± ilÉ™ satÄ±lÄ±r (Elektronika xaric) Bina bÃ¼tÃ¼n infrastrukturlara yaxÄ±ndÄ±r. Ä°nÅŸaatÃ§Ä±lar m/s-na 5-6 dÉ™qiqÉ™lik mÉ™safÉ™.
- Real alÄ±cÄ±ya qiymÉ™tdÉ™ cÃ¼zi endirim olunacaq!
- Ofisin xidmÉ™t haqqÄ± 1%
QiymÉ™t - 160.000 â‚¼
",135,"Yasamal r.
"," Yeni Yasamal q.
",,,,,,,,,,
2517280,2022-01-18,Yeni tikili,6 / 9,93 mÂ²,3,var,115 000AZN,vasitÉ™Ã§i (agent),"IPOTEKAYA YARARLI
IDEAL MENZIL

Bineqedi rayonu 6 ci mkr zerife eliyev adina goz kilinikasinin yaxinliqinda ellillerin berpa merkezinin yaninda 9 mertebeli binanin 6 ci meretebesinde 3 otaqli gir yasha menzil tecili olaraq satilir qaz su ishiq daimir shirketin xidmet haqqi 1 %",70,"ZÉ™rifÉ™ Æliyeva adÄ±na park 
"," NÉ™simi m.
"," BinÉ™qÉ™di r.
"," 6-cÄ± mikrorayon q.
",,,,,,,,
2571544,2022-01-18,KÃ¶hnÉ™ tikili,1 / 9,120 mÂ²,4,var,85 000AZN,vasitÉ™Ã§i (agent),Cox tecili olaraq satilir Bineqedi rayonu AZADLIQ metrosuna 10 deqiqe mesafede 9 mertebeli LENINQRAD lahiyeli binanin 1 ci mertebesinde yerden hundur 4 otaqli menzil satilir qazi suyu isigi daimi genis heyeti yaxinliqda usaq bagcalari orta mektebler var elave zeng edin QIYMET son 85000,98,"AzadlÄ±q Prospekti m.
"," BinÉ™qÉ™di r.
"," 8-ci mikrorayon q.
",,,,,,,,,
2571543,2022-01-18,Yeni tikili,10 / 16,165 mÂ²,3,var,329 000AZN,vasitÉ™Ã§i (agent),"TÉ™cili DÉ™yÉ™rindÉ™n AÅŸaÄŸÄ± QiymÉ™tÉ™! Ekskluziv! Ã‡Ä±xarÄ±ÅŸ! NÉ™rimanov rayonu, metro GÉ™nclik, prestijni â€œAbu Arenaâ€ yaÅŸayÄ±ÅŸ kompleksindÉ™ 3 otaqlÄ± mÉ™nzil mebellÉ™r ilÉ™ birgÉ™ satÄ±lÄ±r. YÃ¼ksÉ™k keyfiyyÉ™tli É™la tÉ™mir. TÉ™mirdÉ™ keyfiyyÉ™tli vÉ™ bahalÄ± inÅŸaat materiallardan istifadÉ™ olunub. GeniÅŸ qonaÄŸ otaÄŸÄ±. hÃ¼ndÃ¼r tavan. MÉ™rtÉ™bÉ™:10/16. Ãœmumi sahÉ™si: 165 kv.m., 2 s/q ( duÅŸ kabinÉ™). MÉ™rkÉ™zi istilik sistemi. MÃ¼hafizÉ™ olunan geniÅŸ vÉ™ yaÅŸÄ±l hÉ™yÉ™ti, 2 sÃ¼rÉ™tli liftlÉ™r, yerÃ¼stÃ¼ vÉ™ yeraltÄ± avto dayanacaqlar, uÅŸaq meydanÃ§asÄ± var. YaxÄ±nlÄ±qda mÉ™ktÉ™blÉ™r, uÅŸaq baÄŸÃ§asÄ±, supermarketlÉ™r, maÄŸazalar, park vÉ™ s yerlÉ™ÅŸir. ÅirkÉ™tin ximdet haqqÄ± 1% tÉ™ÅŸkil edir !! Ælave MÉ™llumat Ã¼Ã§Ã¼n zÉ™ng ede bilÉ™rsiz!!!",44,"AzÉ™rbaycan turizm institutu 
"," Respublika stadionu 
"," GÉ™nclik m.
"," NÉ™rimanov r.
",,,,,,,,
2571541,2022-01-18,Yeni tikili,7 / 8,200 mÂ²,3,yoxdur,400 000AZN,mÃ¼lkiyyÉ™tÃ§i,"
AÄ ÅÆHÆR - BAKU WHITE CITY 

FÆVVARÆLÆR MEYDANI â€“QarabaÄŸ atlarÄ±nÄ±n tam yanÄ±ndadÄ±r.SahÉ™si 200 kv.m.olan,3 otaqlÄ± tÉ™mirsiz vÉ™ GeniÅŸ olan pod mayak YELÃ‡ÆKÆN mÉ™nzil sahibindÉ™n satÄ±ÅŸa Ã§Ä±xarÄ±lÄ±r,mÉ™nzilÂ  mÃ¶htÉ™ÅŸÉ™m PARK PALACE PREMÄ°UM kompleksindÉ™ yerlÉ™ÅŸir.MÉ™nzil 8 mÉ™rtÉ™bÉ™li binanÄ±n 7ci mÉ™rtÉ™bÉ™sindÉ™ yerlÉ™ÅŸir.Æla planirovka,mÉ™rmÉ™r blok,24 saat mÃ¼hafizÉ™ olunan hÉ™yÉ™ti,2 mÉ™rtÉ™bÉ™li yer altÄ± maÅŸÄ±n daynacaÄŸÄ± var.Bina tÉ™mirÉ™ buraxÄ±lÄ±b.Otaqlar BAKU CITY MALL baxÄ±r
",541,"ASAN XidmÉ™t â„–2 
"," AÄŸ ÅŸÉ™hÉ™r 
"," Åah Ä°smayÄ±l XÉ™tai m.
"," XÉ™tai r.
",,,,,,,,
2571539,2022-01-18,Yeni tikili,10 / 13,130 mÂ²,3,var,242 000AZN,vasitÉ™Ã§i (agent),"CÑ€Ğ¾Ñ‡Ğ½Ğ¾ !!!.(242.000 AĞ—Ğ)..(1 ĞºĞ².Ğ¼=1.870 ĞĞ—Ğ), Ğ¡ Ğ“ĞĞ—ĞĞœ Ğ˜ ĞšĞ£ĞŸĞ§Ğ•Ğ™! ĞĞºĞ¾Ğ»Ğ¾ City Mansion Ğ¸ Baku City Villas, Ğ² Ğ½Ğ¾Ğ²Ğ¾Ğ¿Ğ¾ÑÑ‚Ñ€Ğ¾ĞµĞ½Ğ½Ğ¾Ğ¼ Ğ·Ğ°ÑĞµĞ»ĞµĞ½Ğ½Ğ¾Ğ¼ Ğ´Ğ¾Ğ¼Ğµ (Ğ³Ğ¾Ğ´ ÑĞ´Ğ°Ñ‡Ğ¸ 2005 Ğ³) Ğ¿Ñ€Ğ¾Ğ´Ğ°Ñ‘Ñ‚ÑÑ 3-Ñ… ĞºĞ¾Ğ¼Ğ½Ğ°Ñ‚Ğ½Ğ°Ñ ĞºĞ²Ğ°Ñ€Ñ‚Ğ¸Ñ€Ğ° Ñ Ğ¾Ğ±Ñ‰ĞµĞ¹ Ğ¿Ğ»Ğ¾Ñ‰Ğ°Ğ´ÑŒÑ 129,3 ĞºĞ².Ğ¼, Ñ Ğ¾Ñ‚Ğ»Ğ¸Ñ‡Ğ½Ñ‹Ğ¼ Ñ€ĞµĞ¼Ğ¾Ğ½Ñ‚Ğ¾Ğ¼, Ñ Ğ¼ĞµĞ±ĞµĞ»ÑŒÑ. Ğ Ğ°ÑĞ¿Ğ¾Ğ»Ğ¾Ğ¶ĞµĞ½Ğ° Ğ² ÑĞºĞ¾Ğ»Ğ¾Ğ³Ğ¸Ñ‡ĞµÑĞºĞ¸ Ğ±Ğ»Ğ°Ğ³Ğ¾Ğ¿Ñ€Ğ¸ÑÑ‚Ğ½Ğ¾Ğ¼ Ñ€Ğ°Ğ¹Ğ¾Ğ½Ğµ, ĞºÑ€ÑƒĞ³Ğ»Ğ¾ÑÑƒÑ‚Ğ¾Ñ‡Ğ½Ğ¾ Ğ¾Ñ…Ñ€Ğ°Ğ½ÑĞµĞ¼Ñ‹Ğ¹ Ğ´Ğ²Ğ¾Ñ€, Ğ¿Ğ°Ñ€ĞºĞ¾Ğ²ĞºĞ° c Ğ½Ğ°Ğ´ĞµĞ¶Ğ½Ğ¾Ğ¹ Ğ¾Ñ…Ñ€Ğ°Ğ½Ğ¾Ğ¹, Ğ¿Ğ¾Ğ´Ğ·ĞµĞ¼Ğ½Ñ‹Ğ¹ Ğ³Ğ°Ñ€Ğ°Ğ¶, Ñ€Ğ°Ğ·Ğ²Ğ¸Ñ‚Ğ°Ñ Ğ¸Ğ½Ñ„Ñ€Ğ°ÑÑ‚Ñ€ÑƒĞºÑ‚ÑƒÑ€Ğ°, ÑĞºĞ¾Ñ€Ğ¾ÑÑ‚Ğ½Ñ‹Ğµ Ğ»Ğ¸Ñ„Ñ‚Ñ‹. ĞšĞ²Ğ°Ñ€Ñ‚Ğ¸Ñ€Ğ° Ğ½Ğµ Ğ±Ğ¾ĞºĞ¾Ğ²Ğ°Ñ. ĞšĞ¾Ğ¼Ğ½Ğ°Ñ‚Ñ‹ Ğ½ĞµÑĞ¼ĞµĞ¶Ğ½Ñ‹Ğµ, ÑĞºĞ²Ğ¾Ğ·Ğ½Ñ‹Ğµ, Ñ€Ğ°ÑĞ¿Ğ¾Ğ»Ğ¾Ğ¶ĞµĞ½Ğ¸Ğµ ÑĞµĞ²ĞµÑ€Ğ¾-ÑĞ¶Ğ½Ğ¾Ğµ. Ğ“Ğ¾ÑÑ‚Ğ¸Ğ½Ğ½Ğ°Ñ 28,8 ĞºĞ².Ğ¼, Ñ…Ğ¾Ğ»Ğ» 24,1 ĞºĞ².Ğ¼, ÑĞ¿Ğ°Ğ»ÑŒĞ½Ñ 19,8 ĞºĞ².Ğ¼, Ğ´ĞµÑ‚ÑĞºĞ°Ñ 19,2 ĞºĞ².Ğ¼, ĞºÑƒÑ…Ğ½Ñ 17,8 ĞºĞ².Ğ¼, ÑÑ‚Ğ°Ğ¶ 13/10, Ğ±Ğ»Ğ¾Ñ‡Ğ½Ñ‹Ğµ Ğ´Ğ²ĞµÑ€Ğ¸ Ñ ĞºĞ¾Ğ´Ğ¾Ğ¼. ĞŸĞ¾Ğ»Ñ‹-Ğ´ÑƒĞ±Ğ¾Ğ²Ñ‹Ğ¹ Ğ¿Ğ°Ñ€ĞºĞµÑ‚, ÑĞ²ĞµÑ‚Ğ»Ğ°Ñ ĞºĞ²Ğ°Ñ€Ñ‚Ğ¸Ñ€Ğ°, Ğ²ÑÑ‚Ñ€Ğ¾ĞµĞ½Ğ½Ğ°Ñ ĞºÑƒÑ…Ğ¾Ğ½Ğ½Ğ°Ñ Ğ¼ĞµĞ±ĞµĞ»ÑŒ, Ğ´Ğ¾Ñ€Ğ¾Ğ³Ğ¸Ğµ Ğ·Ğ°Ğ½Ğ°Ğ²ĞµÑĞ¸, Ğ°ĞºÑĞµÑÑÑƒĞ°Ñ€Ñ‹, 2 Ñ/Ñƒ, Ğ¸Ñ‚Ğ°Ğ»ÑŒÑĞ½ÑĞºĞ°Ñ ÑĞ°Ğ½Ñ‚ĞµÑ…Ğ½Ğ¸ĞºĞ° (Greavena). Ğ’Ğ¾Ğ´Ğ° Ğ¿Ğ¾ÑÑ‚Ğ¾ÑĞ½Ğ½Ğ°Ñ, Ğ¾Ñ‚Ğ¾Ğ¿Ğ¸Ñ‚ĞµĞ»ÑŒĞ½Ğ°Ñ ÑĞ¸ÑÑ‚ĞµĞ¼Ğ° ĞšĞ¾Ğ¼Ğ±Ğ¸ (Bosch), 4 Ğ²ÑÑ‚Ñ€Ğ¾ĞµĞ½Ğ½Ñ‹Ñ… ÑˆĞºĞ°Ñ„Ğ° ĞºÑƒĞ¿Ğµ (Ñ‚Ñ€ĞµÑ…ÑÑ‚Ğ²Ğ¾Ñ€Ñ‡Ğ°Ñ‚Ñ‹Ğ¹, Ñ‡ĞµÑ‚Ñ‹Ñ€ĞµÑ…ÑÑ‚Ğ²Ğ¾Ñ€Ñ‡Ğ°Ñ‚Ñ‹Ğ¹ Ğ¸ 2 Ğ´Ğ²ÑƒÑ…ÑÑ‚Ğ²Ğ¾Ñ€Ñ‡Ğ°Ñ‚Ñ‹Ñ…,) 2 Ğ±Ğ°Ğ»ĞºĞ¾Ğ½Ğ° (Ğ¾Ğ´Ğ¸Ğ½ Ğ·Ğ°ĞºÑ€Ñ‹Ñ‚Ñ‹Ğ¹).
TÉ™cili !!!.(242.000 AZN). (1 kv.m=1.870 AZN). ÅÉ™hÉ™rin ekoloji tÉ™miz yerlÉ™rindÉ™n birindÉ™, City Mansion vÉ™ Baku City Villas yaxÄ±nlÄ±ÄŸÄ±nda, Ã¼mumi sahÉ™si 129,3 kv/m olan mÉ™skunlaÅŸmÄ±ÅŸ yeni tikilidÉ™ É™la tÉ™mirli,mebellÉ™ birlikde 3 otaqlÄ± mÉ™nzil satÄ±lÄ±r. BinanÄ±n tÉ™hvil verilmÉ™ ili 2005-ci il. Bina Qaz + KupÃ§a ilÉ™ tÉ™min olunub, su daimidir. MÉ™rtÉ™bÉ™ 10/13. MÉ™nzil yel Ã§É™kÉ™ndir, yerlÉ™ÅŸmÉ™ ÅŸÄ±mal-cÉ™nub. Tavanlar hÃ¼ndÃ¼r (3,0 m), otaqlar geniÅŸ vÉ™ iÅŸÄ±qlÄ±dir, Qonaq otaÄŸÄ± 28,8 kv/m, holl 24,1 kv/m (arakÉ™smÉ™ gÃ¶tÃ¼rÃ¼lmÃ¼ÅŸdÃ¼r) yataq otaÄŸÄ± 19.8 kv/m, uÅŸaq otaÄŸÄ± 19,2 kv/m, mÉ™tbÉ™x 17,8 kv/m QuraÅŸdÄ±rÄ±lmÄ±ÅŸ mÉ™tbÉ™x mebeli, palÄ±d parket dÃ¶ÅŸÉ™mÉ™, 2 s/q. santexnika italiya istehsalÄ± (Greavena) Ä°stilik sistemi kombi (Bosch). 2 eyvan (ÅŸimal tÉ™rÉ™f baÄŸlÄ±dÄ±r). MÉ™rmÉ™r blok, 2 sÃ¼rÉ™tli lift (1 yÃ¼k), yeraltÄ± qaraj, 24 saat mÃ¼hafizÉ™, inkiÅŸaf etmiÅŸ infrastruktur.",60,"NeftÃ§i bazasÄ± 
"," ASAN XidmÉ™t â„–1 
"," NÉ™rimanov r.
",,,,,,,,,
2571540,2022-01-18,Yeni tikili,3 / 18,202 mÂ²,4,var,370 000AZN,vasitÉ™Ã§i (agent),"ĞŸÑ€Ğ¾Ğ´Ğ°ĞµÑ‚ÑÑ 4-Ñ… ĞºĞ¾Ğ¼Ğ½Ğ°Ñ‚Ğ½Ğ°Ñ ĞºĞ²Ğ°Ñ€Ñ‚Ğ¸Ñ€Ğ° Ğ² Ñ†ĞµĞ½Ñ‚Ñ€Ğµ Ğ³Ğ¾Ñ€Ğ¾Ğ´Ğ°, Ğ² Ğ¥Ğ°Ñ‚Ğ°Ğ¸Ğ½ÑĞºĞ¾Ğ¼ Ñ€Ğ°Ğ¹Ğ¾Ğ½Ğµ, Ñ€ÑĞ´Ğ¾Ğ¼ Ñ Ğ¼ĞµÑ‚Ñ€Ğ¾ Ğ¥Ğ°Ñ‚Ğ°Ğ¸, Ğ½Ğ°Ğ´ Ñ€ĞµÑÑ‚Ğ¾Ñ€Ğ°Ğ½Ğ¾Ğ¼ â€œSalam Aleykumâ€, Ğ² Ğ¿Ñ€ĞµÑÑ‚Ğ¸Ğ¶Ğ½Ğ¾Ğ¼ Ğ·Ğ´Ğ°Ğ½Ğ¸Ğ¸ Â«Ğ Ğ°Ñ…Ğ°Ñ‚ Ğ¥Ğ°ÑÑ‚Â». 3/18. ĞĞ±Ñ‰Ğ°Ñ Ğ¿Ğ»Ğ¾Ñ‰Ğ°Ğ´ÑŒ 202 ĞºĞ².Ğ¼. ÑĞ°Ğ½ÑƒĞ·ĞµĞ» Ğ² Ğ¾Ñ‚Ğ»Ğ¸Ñ‡Ğ½Ğ¾Ğ¼ ÑĞ¾ÑÑ‚Ğ¾ÑĞ½Ğ¸Ğ¸, Ğ´ÑƒÑˆĞµĞ²Ğ°Ñ ĞºĞ°Ğ±Ğ¸Ğ½Ğ°. ĞÑ‚Ğ»Ğ¸Ñ‡Ğ½Ñ‹Ğ¹ Ñ€ĞµĞ¼Ğ¾Ğ½Ñ‚. Ğ Ğ°Ğ·Ğ´ĞµĞ»ÑŒĞ½Ñ‹Ğµ ĞºĞ¾Ğ¼Ğ½Ğ°Ñ‚Ñ‹. ĞŸĞ¾Ğ»Ñ‹ Ğ¿Ğ°Ñ€ĞºĞµÑ‚. ĞšĞĞ¢Ğ’, ÑÑ‚Ğ¸Ñ€Ğ°Ğ»ÑŒĞ½Ğ°Ñ Ğ¸ Ğ¿Ğ¾ÑÑƒĞ´Ğ¾Ğ¼Ğ¾ĞµÑ‡Ğ½Ğ°Ñ Ğ¼Ğ°ÑˆĞ¸Ğ½Ñ‹, Ğ¿Ğ»Ğ°Ğ·Ğ¼ĞµĞ½Ğ½Ñ‹Ğ¹ Ñ‚ĞµĞ»ĞµĞ²Ğ¸Ğ·Ğ¾Ñ€, 4 ÑĞ¿Ğ»Ğ¸Ñ‚ ĞºĞ¾Ğ½Ğ´Ğ¸Ñ†Ğ¸Ğ¾Ğ½ĞµÑ€Ğ°, Ğ¾Ñ‚Ğ¾Ğ¿Ğ¸Ñ‚ĞµĞ»ÑŒĞ½Ğ°Ñ ÑĞ¸ÑÑ‚ĞµĞ¼Ğ° Â«ĞšĞ¾Ğ¼Ğ±Ğ¸Â». ĞšĞ°Ñ‡ĞµÑÑ‚Ğ²ĞµĞ½Ğ½Ğ°Ñ ĞºÑƒÑ…Ğ½Ñ ÑĞ¾ Ğ²ÑĞµĞ¹ Ğ±Ñ‹Ñ‚Ğ¾Ğ²Ğ¾Ğ¹ Ñ‚ĞµÑ…Ğ½Ğ¸ĞºĞ¾Ğ¹ Ğ² Ğ½Ğ°Ğ»Ğ¸Ñ‡Ğ¸Ğ¸. ĞšĞ¾Ğ¼Ğ¼ÑƒĞ½Ğ¸ĞºĞ°Ñ†Ğ¸Ğ¸ 24/24. ĞÑ…Ñ€Ğ°Ğ½ÑĞµĞ¼Ñ‹Ğ¹ Ğ´Ğ²Ğ¾Ñ€, 2 ÑĞºĞ¾Ñ€Ğ¾ÑÑ‚Ğ½Ñ‹Ñ… Ğ»Ğ¸Ñ„Ñ‚Ğ° Â«Ğ¡Ğ¸Ğ³Ğ¼Ğ°Â», Ğ¼ĞµÑÑ‚Ğ¾ Ğ´Ğ»Ñ Ğ¿Ğ°Ñ€ĞºĞ¾Ğ²ĞºĞ¸, Ğ¿Ğ¾Ğ´Ğ·ĞµĞ¼Ğ½Ñ‹Ğ¹ Ğ³Ğ°Ñ€Ğ°Ğ¶, Ğ´ĞµÑ‚ÑĞºĞ°Ñ Ğ¿Ğ»Ğ¾Ñ‰Ğ°Ğ´ĞºĞ°. 
------------------------------------
Yeni binada, ÅŸÉ™hÉ™rin mÉ™rkÉ™zindÉ™, XÉ™tai rayonunda, XÉ™tai metrosun yanÉ™nda, â€œSalam Aleykumâ€ restoranin Ã¼stÃ¼, â€œRahat HÉ™yatâ€-in binasinda hÉ™r bir ÅŸÉ™raiti olan 4 otaÄŸli mÉ™nzil kirayÉ™ verilir. 3/18. Ãœmumi sahÉ™si 202 kv.m. Æla tÉ™mirli. Plazma televizor, 4 split-kondisioner, KATV, soyuducu, s/q, duÅŸ kabina, paltar vÉ™ qab yuyan maÅŸÄ±n, istilik sistemi â€œKombiâ€, qaz, su, iÅŸÄ±q daimi, 24 saat mÃ¼hafizÉ™, sakit hÉ™yÉ™t. 2 yÃ¼ksÉ™k sÃ¼rÉ™tli ""Sigma"" lifti , parking, yeraltÄ± qaraj, uÅŸaq meydanÃ§asÄ±. ",130,"ASAN XidmÉ™t â„–2 
"," Åah Ä°smayÄ±l XÉ™tai m.
"," XÉ™tai r.
",,,,,,,,,
2571535,2022-01-18,Yeni tikili,5 / 12,85 mÂ²,3,yoxdur,270 000AZN,vasitÉ™Ã§i (agent),"ĞŸÑ€Ğ¾Ğ´Ğ°ĞµÑ‚ÑÑ Ğ²ĞµĞ»Ğ¸ĞºĞ¾Ğ»ĞµĞ¿Ğ½Ğ°Ñ 3-Ñ… ĞºĞ¾Ğ¼Ğ½Ğ°Ñ‚Ğ½Ğ°Ñ ĞºĞ²Ğ°Ñ€Ñ‚Ğ¸Ñ€Ğ°, Ñ€Ğ°ÑĞ¿Ğ¾Ğ»Ğ¾Ğ¶ĞµĞ½Ğ½Ğ°Ñ Ğ½Ğ° 5-Ğ¾Ğ¼ ÑÑ‚Ğ°Ğ¶Ğµ ÑĞ¾Ğ²Ñ€ĞµĞ¼ĞµĞ½Ğ½Ğ¾Ğ³Ğ¾ ÑĞ»Ğ¸Ñ‚Ğ½Ğ¾Ğ³Ğ¾ Ğ¶Ğ¸Ğ»Ğ¾Ğ³Ğ¾ ĞºĞ¾Ğ¼Ğ¿Ğ»ĞµĞºÑĞ° â€œPilot Residenceâ€  Ñ€ÑĞ´Ğ¾Ğ¼ Ñ ĞÑ…ÑƒĞ½Ğ´Ğ¾Ğ²ÑĞºĞ¸Ğ¼ ÑĞ°Ğ´Ğ¸ĞºĞ¾Ğ¼. Ğ¡Ğ°Ğ±Ğ°Ğ¸Ğ»ÑŒÑĞºĞ¸Ğ¹ Ñ€Ğ°Ğ¹Ğ¾Ğ½, Ñ€ÑĞ´Ğ¾Ğ¼ Ñ Ğ¼ĞµÑ‚Ñ€Ğ¾ Â«Ä°Ã§É™ri ÅÉ™hÉ™rÂ». Ğ­Ñ‚Ğ°Ğ¶ 5/12. ĞĞ±Ñ‰Ğ°Ñ Ğ¿Ğ»Ğ¾Ñ‰Ğ°Ğ´ÑŒ 85 ĞºĞ².Ğ¼., 1 Ğ¾Ñ‚ĞºÑ€Ñ‹Ñ‚Ñ‹Ğ¹ Ğ±Ğ°Ğ»ĞºĞ¾Ğ½. 1 Ñ/Ñƒ. ĞÑ‚Ğ»Ğ¸Ñ‡Ğ½Ñ‹Ğ¹ Ñ€ĞµĞ¼Ğ¾Ğ½Ñ‚. Ğ Ğ°Ğ·Ğ´ĞµĞ»ÑŒĞ½Ñ‹Ğµ ĞºĞ¾Ğ¼Ğ½Ğ°Ñ‚Ñ‹. ĞŸĞ¾Ğ» (Ğ»Ğ°Ğ¼Ğ¸Ğ½Ğ°Ñ‚). ĞšĞ¢Ğ’, Ğ¸Ğ½Ñ‚ĞµÑ€Ğ½ĞµÑ‚-wifi. Ğ¡Ğ¾Ğ²Ñ€ĞµĞ¼ĞµĞ½Ğ½Ñ‹Ğµ Ğ¸Ğ½Ğ¶ĞµĞ½ĞµÑ€Ğ½Ñ‹Ğµ ÑĞ¸ÑÑ‚ĞµĞ¼Ñ‹ (Ñ†ĞµĞ½Ñ‚Ñ€Ğ°Ğ»ÑŒĞ½Ğ¾Ğµ ĞºĞ¾Ğ½Ğ´Ğ¸Ñ†Ğ¸Ğ¾Ğ½Ğ¸Ñ€Ğ¾Ğ²Ğ°Ğ½Ğ¸Ğµ, Ñ‚ĞµĞ¿Ğ»Ñ‹Ğ¹ Ğ¿Ğ¾Ğ», 2 ÑĞ¿Ğ»Ğ¸Ñ‚-ĞºĞ¾Ğ½Ğ´Ğ¸Ñ†Ğ¸Ğ¾Ğ½ĞµÑ€Ğ°, Ğ¸Ğ½Ğ´Ğ¸Ğ²Ğ¸Ğ´ÑƒĞ°Ğ»ÑŒĞ½Ñ‹Ğ¹ Ñ‚ĞµĞ¿Ğ»Ğ¾Ğ²Ğ¾Ğ¹ Ğ¿ÑƒĞ½ĞºÑ‚, ÑĞ¸ÑÑ‚ĞµĞ¼Ğ° Ğ¿Ğ¾Ğ¶Ğ°Ñ€Ğ¾Ñ‚ÑƒÑˆĞµĞ½Ğ¸Ñ). ĞŸÑ€Ğ¾ÑÑ‚Ğ¾Ñ€Ğ½Ğ°Ñ Ğ²ÑÑ‚Ñ€Ğ¾ĞµĞ½Ğ½Ğ°Ñ ĞºÑƒÑ…Ğ½Ñ Ñ Ğ±Ñ‹Ñ‚Ğ¾Ğ²Ğ¾Ğ¹ Ñ‚ĞµÑ…Ğ½Ğ¸ĞºĞ¾Ğ¹. Ğ’Ñ‹ÑĞ¾ĞºĞ¾ÑĞºĞ¾Ñ€Ğ¾ÑÑ‚Ğ½Ñ‹Ğµ Ğ»Ğ¸Ñ„Ñ‚Ñ‹. ĞŸĞ¾Ğ´Ğ·ĞµĞ¼Ğ½Ñ‹Ğ¹ Ğ¿Ğ°Ñ€ĞºĞ¸Ğ½Ğ³, ĞºĞ»Ğ°Ğ´Ğ¾Ğ²Ñ‹Ğµ ĞºĞ¾Ğ¼Ğ½Ğ°Ñ‚Ñ‹, ĞºÑ€ÑƒĞ³Ğ»Ğ¾ÑÑƒÑ‚Ğ¾Ñ‡Ğ½Ğ°Ñ Ğ¾Ñ…Ñ€Ğ°Ğ½Ğ° Ğ¸ ĞºĞ¾Ğ½ÑÑŒĞµÑ€Ğ¶-ÑĞµÑ€Ğ²Ğ¸Ñ, Ğ±Ğ»Ğ°Ğ³Ğ¾ÑƒÑÑ‚Ñ€Ğ¾ĞµĞ½Ğ½Ğ°Ñ Ñ‚ĞµÑ€Ñ€Ğ¸Ñ‚Ğ¾Ñ€Ğ¸Ñ, ĞšĞ¾Ğ¼Ğ¼ÑƒĞ½Ğ¸ĞºĞ°Ñ†Ğ¸Ğ¸ 24 Ñ‡Ğ°ÑĞ°. 
-------------------------------------------------------
Elit â€œPilot Residenceâ€ yaÅŸayÄ±ÅŸ kompleksinin 5-ci mÉ™rtÉ™bÉ™sindÉ™ 3 otaqlÄ± mÉ™nzil satÄ±lÄ±r. SÉ™bail rayonu, Ä°Ã§É™ri ÅÉ™hÉ™r metrosu, Axundov baÄŸÄ±nÄ±n yaxÄ±nlÄ±ÄŸÄ±nda. ÃœmÃ¼mi sahÉ™si 85 m2, 5/12. 1 aÃ§Ä±q eyvanÄ±, 1 s/q. Æla tÉ™mirli. Otaqlar ayrÄ±-ayrÄ±lÄ±qda. Parket dÃ¶ÅŸÉ™mÉ™. KATV, internet-wifi, mÉ™rkÉ™zi istilik sistemi, isti pol, 3 split-kondisioneri. QuraÅŸdÄ±rÄ±lmÄ±ÅŸ mÉ™tbÉ™x mebeli. MÃ¼hafizÉ™ olunan hÉ™yÉ™ti, 3 sÃ¼rÉ™tli lifti, yerÃ¼stÃ¼ vÉ™ yeraltÄ± dayanacaq, uÅŸaq meydanÃ§asÄ±.
",175,"Axundov baÄŸÄ± 
"," Sovetski 
"," NÉ™rimanov heykÉ™li 
"," DÃ¶vlÉ™t Ä°darÉ™Ã§ilik AkademiyasÄ± 
"," Ä°qsadiyyat Universiteti 
"," Prezident parkÄ± 
"," Ä°Ã§É™ri ÅÉ™hÉ™r m.
"," SÉ™bail r.
",,,,
2571534,2022-01-18,Yeni tikili,11 / 18,206 mÂ²,4,var,700 000AZN,vasitÉ™Ã§i (agent),"ĞŸÑ€Ğ¾Ğ´Ğ°ĞµÑ‚ÑÑ 4-Ñ… ĞºĞ¾Ğ¼Ğ½Ğ°Ñ‚Ğ½Ğ°Ñ ĞºĞ²Ğ°Ñ€Ñ‚Ğ¸Ñ€Ğ° Ñ Ğ´Ğ¾Ñ€Ğ¾Ğ³Ğ¾Ğ¹ Ğ¼ĞµĞ±ĞµĞ»ÑŒÑ Ğ² Ñ†ĞµĞ½Ñ‚Ñ€Ğµ Ğ³Ğ¾Ñ€Ğ¾Ğ´Ğ°, Ğ² ĞĞ°ÑĞ¸Ğ¼Ğ¸Ğ½ÑĞºĞ¾Ğ¼ Ñ€Ğ°Ğ¹Ğ¾Ğ½Ğµ, Ğ¿Ğ¾ ÑƒĞ»Ğ¸Ñ†Ğµ Ğ¥Ğ°Ğ½Ğ° Ğ¨ÑƒÑˆĞ¸Ğ½ÑĞºĞ¾Ğ³Ğ¾, Ğ² Ğ¿Ñ€ĞµÑÑ‚Ğ¸Ğ¶Ğ½Ğ¾Ğ¼ Ğ·Ğ´Ğ°Ğ½Ğ¸Ğ¸ Ğ½Ğ°Ğ´ Â«ĞšĞ°Ñ€Ğ°Ñ‚Â». 
ĞšÑƒĞ¿Ñ‡Ğ°Ñ Ğ¸Ğ¼ĞµĞµÑ‚ÑÑ! 
Ğ­Ñ‚Ğ°Ğ¶ 11/18. 
ĞĞ±Ñ‰Ğ°Ñ Ğ¿Ğ»Ğ¾Ñ‰Ğ°Ğ´ÑŒ 206 ĞºĞ².Ğ¼. 
ĞÑ‡ĞµĞ½ÑŒ Ğ´Ğ¾Ñ€Ğ¾Ğ³Ğ¾Ğ¹ Ñ€ĞµĞ¼Ğ¾Ğ½Ñ‚. 3 ÑĞ°Ğ½ÑƒĞ·Ğ»Ğ° Ğ² Ğ¾Ñ‚Ğ»Ğ¸Ñ‡Ğ½Ğ¾Ğ¼ ÑĞ¾ÑÑ‚Ğ¾ÑĞ½Ğ¸Ğ¸, Ğ´ÑƒÑˆĞµĞ²Ğ°Ñ ĞºĞ°Ğ±Ğ¸Ğ½Ğ°, Ğ´Ğ¶Ğ°ĞºÑƒĞ·Ğ¸. Ğ Ğ°Ğ·Ğ´ĞµĞ»ÑŒĞ½Ñ‹Ğµ ĞºĞ¾Ğ¼Ğ½Ğ°Ñ‚Ñ‹. ĞŸĞ¾Ğ»Ñ‹ Ğ¿Ğ°Ñ€ĞºĞµÑ‚Ğ½Ñ‹Ğµ. ĞšĞĞ¢Ğ’, ÑÑ‚Ğ¸Ñ€Ğ°Ğ»ÑŒĞ½Ğ°Ñ Ğ¸ Ğ¿Ğ¾ÑÑƒĞ´Ğ¾Ğ¼Ğ¾ĞµÑ‡Ğ½Ğ°Ñ Ğ¼Ğ°ÑˆĞ¸Ğ½Ñ‹, Ñ†ĞµĞ½Ñ‚Ñ€Ğ°Ğ»ÑŒĞ½Ğ°Ñ Ğ¾Ñ‚Ğ¾Ğ¿Ğ¸Ñ‚ĞµĞ»ÑŒĞ½Ğ°Ñ ÑĞ¸ÑÑ‚ĞµĞ¼Ğ°, 5 ÑĞ¿Ğ»Ğ¸Ñ‚ ĞºĞ¾Ğ½Ğ´Ğ¸Ñ†Ğ¸Ğ¾Ğ½ĞµÑ€Ğ¾Ğ². 
ĞšĞ°Ñ‡ĞµÑÑ‚Ğ²ĞµĞ½Ğ½Ğ°Ñ ĞºÑƒÑ…Ğ½Ñ ÑĞ¾ Ğ²ÑĞµĞ¹ Ğ±Ñ‹Ñ‚Ğ¾Ğ²Ğ¾Ğ¹ Ñ‚ĞµÑ…Ğ½Ğ¸ĞºĞ¾Ğ¹ Ğ² Ğ½Ğ°Ğ»Ğ¸Ñ‡Ğ¸Ğ¸. 
ĞšĞ¾Ğ¼Ğ¼ÑƒĞ½Ğ¸ĞºĞ°Ñ†Ğ¸Ğ¸ 24/24. ĞÑ…Ñ€Ğ°Ğ½ÑĞµĞ¼Ñ‹Ğ¹ Ğ´Ğ²Ğ¾Ñ€, ĞºĞ¾Ğ´Ğ¾Ğ²Ñ‹Ğ¹ Ğ±Ğ»Ğ¾Ğº, 2 ÑĞºĞ¾Ñ€Ğ¾ÑÑ‚Ğ½Ñ‹Ñ… Ğ»Ğ¸Ñ„Ñ‚Ğ° ""Sigma"", Ğ¼ĞµÑÑ‚Ğ¾ Ğ´Ğ»Ñ Ğ¿Ğ°Ñ€ĞºĞ¾Ğ²ĞºĞ¸, Ğ¿Ğ¾Ğ´Ğ·ĞµĞ¼Ğ½Ñ‹Ğ¹ Ğ³Ğ°Ñ€Ğ°Ğ¶, Ğ´ĞµÑ‚ÑĞºĞ°Ñ Ğ¿Ğ»Ğ¾Ñ‰Ğ°Ğ´ĞºĞ°. 
------------------------------------------------
Yeni binada, ÅŸÉ™hÉ™rin mÉ™rkÉ™zindÉ™, NÉ™simi rayonunda, Xan ÅuÅŸinski kÃ¼Ã§É™sindÉ™, â€œKaratâ€ prestij yaÅŸayÄ±ÅŸ binasÄ±nda hÉ™r bir ÅŸÉ™raiti olan 4 otaÄŸlÄ± mÉ™nzil bahalÄ± É™ÅŸyalarÄ± ilÉ™ birgÉ™ satÄ±lÄ±r. 
Ã‡Ä±xarÄ±ÅŸ mÃ¶vcuddur! 
MÉ™rtÉ™bÉ™si: 11/18. 
Ãœmumi sahÉ™si 206 kv.m.
BahalÄ± tÉ™mir. Æla vÉ™ziyyÉ™tdÉ™ olan 3 sanuzel, duÅŸ kabina, cakuzi, Parket dÃ¶ÅŸÉ™mÉ™. Otaqlar ayrÄ±-ayrÄ±lÄ±qda. 5 split kondisioner, KATV, soyuducu, paltar vÉ™ qab yuyan maÅŸÄ±n, mÉ™rkÉ™zi istilik sistemi. 
Su, iÅŸÄ±q daimi, 24 saat mÃ¼hafizÉ™, sakit hÉ™yÉ™t. 2 yÃ¼ksÉ™k sÃ¼rÉ™tli ""Sigma"" lifti, parking, yeraltÄ± qaraj, uÅŸaq meydanÃ§asÄ±.
",160,"NÉ™simi bazarÄ± 
"," Park Zorge 
"," Koala parkÄ± 
"," NÉ™simi r.
",,,,,,,,
